epoch,train_loss,train_accuracy,val_accuracy,learning_rate,batch_loss
1,,,,1e-05,2.764176368713379
1,,,,1e-05,2.415357828140259
1,,,,1e-05,2.85190749168396
1,,,,1e-05,2.6757652759552
1,,,,1e-05,2.8712098598480225
1,,,,1e-05,2.422370672225952
1,,,,1e-05,2.6250672340393066
1,,,,1e-05,2.5788674354553223
1,,,,1e-05,2.6014249324798584
1,,,,1e-05,2.7423791885375977
1,,,,1e-05,2.6291892528533936
1,,,,1e-05,2.3564748764038086
1,,,,1e-05,2.6744699478149414
1,,,,1e-05,2.389218330383301
1,,,,1e-05,2.5562245845794678
1,,,,1e-05,2.7216484546661377
1,,,,1e-05,2.447974681854248
1,,,,1e-05,2.769388198852539
1,,,,1e-05,2.6569466590881348
1,,,,1e-05,2.6323208808898926
1,,,,1e-05,2.84932804107666
1,,,,1e-05,2.8102264404296875
1,,,,1e-05,2.4768929481506348
1,,,,1e-05,2.899648427963257
1,,,,1e-05,2.808912754058838
1,,,,1e-05,2.738942861557007
1,,,,1e-05,2.3514316082000732
1,,,,1e-05,2.559580087661743
1,,,,1e-05,2.970294952392578
1,,,,1e-05,2.8412883281707764
1,,,,1e-05,2.7606101036071777
1,,,,1e-05,2.805589437484741
1,,,,1e-05,3.079087257385254
1,,,,1e-05,2.808694839477539
1,,,,1e-05,2.7112338542938232
1,,,,1e-05,2.6502461433410645
1,,,,1e-05,2.504890203475952
1,,,,1e-05,2.5978078842163086
1,,,,1e-05,2.5561044216156006
1,,,,1e-05,2.3896288871765137
1,,,,1e-05,2.646324872970581
1,,,,1e-05,2.351179361343384
1,,,,1e-05,2.656970977783203
1,,,,1e-05,2.479526996612549
1,,,,1e-05,2.718505382537842
1,,,,1e-05,2.760162830352783
1,,,,1e-05,2.873415231704712
1,,,,1e-05,2.8264245986938477
1,,,,1e-05,2.6804540157318115
1,,,,1e-05,2.5618553161621094
1,,,,1e-05,2.734302520751953
1,,,,1e-05,2.1347341537475586
1,,,,1e-05,2.3486509323120117
1,,,,1e-05,2.681605577468872
1,,,,1e-05,2.2783100605010986
1,,,,1e-05,2.3163564205169678
1,,,,1e-05,2.798882007598877
1,,,,1e-05,2.5763096809387207
1,,,,1e-05,2.652216672897339
1,,,,1e-05,2.5738396644592285
1,,,,1e-05,2.4496047496795654
1,,,,1e-05,2.768873929977417
1,,,,1e-05,2.7502779960632324
1,,,,1e-05,2.739527702331543
1,,,,1e-05,2.355858087539673
1,,,,1e-05,2.4371719360351562
1,,,,1e-05,2.5340735912323
1,,,,1e-05,2.52591609954834
1,,,,1e-05,2.451129913330078
1,,,,1e-05,2.7721307277679443
1,,,,1e-05,2.7088851928710938
1,,,,1e-05,2.6907548904418945
1,,,,1e-05,2.6952295303344727
1,,,,1e-05,2.2079474925994873
1,,,,1e-05,2.2949726581573486
1,,,,1e-05,2.256268262863159
1,,,,1e-05,2.672743797302246
1,,,,1e-05,2.618051052093506
1,,,,1e-05,2.6623964309692383
1,,,,1e-05,2.3605220317840576
1,,,,1e-05,2.268218994140625
1,,,,1e-05,2.6118149757385254
1,,,,1e-05,2.3017330169677734
1,,,,1e-05,2.60660457611084
1,,,,1e-05,2.625295639038086
1,,,,1e-05,2.5781235694885254
1,,,,1e-05,2.4946908950805664
1,,,,1e-05,2.7209484577178955
1,,,,1e-05,2.5499866008758545
1,,,,1e-05,2.535977602005005
1,,,,1e-05,2.2730307579040527
1,,,,1e-05,2.604339599609375
1,,,,1e-05,2.351870536804199
1,,,,1e-05,2.602673292160034
1,,,,1e-05,2.4584615230560303
1,,,,1e-05,2.258558988571167
1,,,,1e-05,2.894965887069702
1,,,,1e-05,2.644439458847046
1,,,,1e-05,2.160979986190796
1,,,,1e-05,2.4424240589141846
1,,,,1e-05,2.5187079906463623
1,,,,1e-05,2.700511932373047
1,,,,1e-05,2.4280872344970703
1,,,,1e-05,2.5380806922912598
1,,,,1e-05,2.567594051361084
1,,,,1e-05,2.5345211029052734
1,,,,1e-05,2.3041961193084717
1,,,,1e-05,2.60269832611084
1,,,,1e-05,2.4632530212402344
1,,,,1e-05,2.301485538482666
1,,,,1e-05,2.455801248550415
1,,,,1e-05,2.706834316253662
1,,,,1e-05,2.5661275386810303
1,,,,1e-05,2.2911734580993652
1,2.579994701502616,0.14945054945054945,0.21318681318681318,1e-05,
2,,,,1e-05,2.8667867183685303
2,,,,1e-05,1.9569109678268433
2,,,,1e-05,2.4450464248657227
2,,,,1e-05,2.8737616539001465
2,,,,1e-05,2.398003578186035
2,,,,1e-05,2.587472677230835
2,,,,1e-05,2.1966872215270996
2,,,,1e-05,2.443087339401245
2,,,,1e-05,2.599724531173706
2,,,,1e-05,2.7058844566345215
2,,,,1e-05,2.8130722045898438
2,,,,1e-05,2.1043896675109863
2,,,,1e-05,2.892338991165161
2,,,,1e-05,2.5837385654449463
2,,,,1e-05,2.6423661708831787
2,,,,1e-05,2.303117275238037
2,,,,1e-05,2.537689208984375
2,,,,1e-05,2.7513487339019775
2,,,,1e-05,2.703341007232666
2,,,,1e-05,2.102055072784424
2,,,,1e-05,2.642597198486328
2,,,,1e-05,2.4081623554229736
2,,,,1e-05,2.7988743782043457
2,,,,1e-05,2.687608242034912
2,,,,1e-05,2.908562421798706
2,,,,1e-05,2.388336658477783
2,,,,1e-05,2.171577215194702
2,,,,1e-05,2.5400471687316895
2,,,,1e-05,2.0636048316955566
2,,,,1e-05,2.1564009189605713
2,,,,1e-05,2.7069084644317627
2,,,,1e-05,2.0625150203704834
2,,,,1e-05,2.624640703201294
2,,,,1e-05,2.696807861328125
2,,,,1e-05,2.281540870666504
2,,,,1e-05,2.4812986850738525
2,,,,1e-05,2.3766798973083496
2,,,,1e-05,2.5781424045562744
2,,,,1e-05,2.237905502319336
2,,,,1e-05,2.3062081336975098
2,,,,1e-05,2.9061381816864014
2,,,,1e-05,2.109246015548706
2,,,,1e-05,2.374473810195923
2,,,,1e-05,2.4501144886016846
2,,,,1e-05,2.467698574066162
2,,,,1e-05,2.3632311820983887
2,,,,1e-05,2.65270733833313
2,,,,1e-05,2.4057037830352783
2,,,,1e-05,2.490272283554077
2,,,,1e-05,2.664187431335449
2,,,,1e-05,2.23343825340271
2,,,,1e-05,2.4260034561157227
2,,,,1e-05,2.1189169883728027
2,,,,1e-05,2.3586184978485107
2,,,,1e-05,2.425576686859131
2,,,,1e-05,1.9950342178344727
2,,,,1e-05,2.3769755363464355
2,,,,1e-05,2.8392512798309326
2,,,,1e-05,2.5268137454986572
2,,,,1e-05,2.389913320541382
2,,,,1e-05,2.396056652069092
2,,,,1e-05,2.6295862197875977
2,,,,1e-05,2.463754653930664
2,,,,1e-05,2.4868297576904297
2,,,,1e-05,2.2198128700256348
2,,,,1e-05,2.648029327392578
2,,,,1e-05,2.45180344581604
2,,,,1e-05,2.337101936340332
2,,,,1e-05,2.4740564823150635
2,,,,1e-05,2.3201260566711426
2,,,,1e-05,2.534946918487549
2,,,,1e-05,2.086520195007324
2,,,,1e-05,2.2939376831054688
2,,,,1e-05,2.4871881008148193
2,,,,1e-05,2.4745733737945557
2,,,,1e-05,2.7644436359405518
2,,,,1e-05,2.3467319011688232
2,,,,1e-05,2.4148173332214355
2,,,,1e-05,2.612212657928467
2,,,,1e-05,2.2881412506103516
2,,,,1e-05,2.5781400203704834
2,,,,1e-05,2.583160877227783
2,,,,1e-05,2.1852328777313232
2,,,,1e-05,2.3149120807647705
2,,,,1e-05,2.4192090034484863
2,,,,1e-05,2.148608446121216
2,,,,1e-05,2.1592438220977783
2,,,,1e-05,2.354731559753418
2,,,,1e-05,2.3944272994995117
2,,,,1e-05,2.670656204223633
2,,,,1e-05,2.3880040645599365
2,,,,1e-05,2.1854965686798096
2,,,,1e-05,2.7521817684173584
2,,,,1e-05,2.449601173400879
2,,,,1e-05,2.4908478260040283
2,,,,1e-05,2.289289712905884
2,,,,1e-05,2.0847737789154053
2,,,,1e-05,2.1863784790039062
2,,,,1e-05,2.430959463119507
2,,,,1e-05,1.9968239068984985
2,,,,1e-05,2.35089373588562
2,,,,1e-05,2.4142906665802
2,,,,1e-05,2.5443270206451416
2,,,,1e-05,2.3846282958984375
2,,,,1e-05,2.344287872314453
2,,,,1e-05,2.4488112926483154
2,,,,1e-05,1.915292501449585
2,,,,1e-05,2.4301204681396484
2,,,,1e-05,2.3988771438598633
2,,,,1e-05,2.512578010559082
2,,,,1e-05,2.6776726245880127
2,,,,1e-05,2.3569254875183105
2,,,,1e-05,2.681807041168213
2,,,,1e-05,2.259338855743408
2,2.4360768146682203,0.18763736263736264,0.2879120879120879,1e-05,
3,,,,1e-05,2.232884168624878
3,,,,1e-05,2.212290048599243
3,,,,1e-05,2.3133411407470703
3,,,,1e-05,2.0634007453918457
3,,,,1e-05,2.5704145431518555
3,,,,1e-05,2.5412991046905518
3,,,,1e-05,2.5405397415161133
3,,,,1e-05,2.3937861919403076
3,,,,1e-05,2.0537567138671875
3,,,,1e-05,2.2718780040740967
3,,,,1e-05,2.255406618118286
3,,,,1e-05,2.4016120433807373
3,,,,1e-05,1.8716437816619873
3,,,,1e-05,2.3750951290130615
3,,,,1e-05,2.4008665084838867
3,,,,1e-05,2.3854897022247314
3,,,,1e-05,2.3433897495269775
3,,,,1e-05,2.2523984909057617
3,,,,1e-05,2.109872579574585
3,,,,1e-05,2.2920427322387695
3,,,,1e-05,2.6155662536621094
3,,,,1e-05,2.5747106075286865
3,,,,1e-05,2.1466174125671387
3,,,,1e-05,2.427013635635376
3,,,,1e-05,2.4881982803344727
3,,,,1e-05,2.5138440132141113
3,,,,1e-05,1.9904793500900269
3,,,,1e-05,2.3878233432769775
3,,,,1e-05,2.379600763320923
3,,,,1e-05,2.4059605598449707
3,,,,1e-05,2.340864419937134
3,,,,1e-05,2.3192663192749023
3,,,,1e-05,2.418992757797241
3,,,,1e-05,2.5464706420898438
3,,,,1e-05,2.150493860244751
3,,,,1e-05,2.484417676925659
3,,,,1e-05,2.5314314365386963
3,,,,1e-05,2.127110719680786
3,,,,1e-05,2.529883861541748
3,,,,1e-05,2.263763427734375
3,,,,1e-05,2.2942371368408203
3,,,,1e-05,2.225166082382202
3,,,,1e-05,2.1027135848999023
3,,,,1e-05,2.1608059406280518
3,,,,1e-05,2.193119764328003
3,,,,1e-05,2.0505645275115967
3,,,,1e-05,2.380127191543579
3,,,,1e-05,2.4602208137512207
3,,,,1e-05,2.3107144832611084
3,,,,1e-05,2.4809722900390625
3,,,,1e-05,2.3297243118286133
3,,,,1e-05,2.169218063354492
3,,,,1e-05,2.4072349071502686
3,,,,1e-05,2.5128729343414307
3,,,,1e-05,2.3995838165283203
3,,,,1e-05,2.3586459159851074
3,,,,1e-05,2.3773398399353027
3,,,,1e-05,2.016462802886963
3,,,,1e-05,2.1093344688415527
3,,,,1e-05,1.8323235511779785
3,,,,1e-05,2.1660313606262207
3,,,,1e-05,2.252487897872925
3,,,,1e-05,1.9204250574111938
3,,,,1e-05,2.1741831302642822
3,,,,1e-05,2.324470043182373
3,,,,1e-05,2.2477235794067383
3,,,,1e-05,2.1167855262756348
3,,,,1e-05,2.2232561111450195
3,,,,1e-05,2.2624223232269287
3,,,,1e-05,2.3993842601776123
3,,,,1e-05,2.4451417922973633
3,,,,1e-05,2.34757137298584
3,,,,1e-05,2.320126533508301
3,,,,1e-05,2.1066339015960693
3,,,,1e-05,2.096931219100952
3,,,,1e-05,2.1900014877319336
3,,,,1e-05,2.2438199520111084
3,,,,1e-05,2.078104257583618
3,,,,1e-05,2.2168891429901123
3,,,,1e-05,2.2867636680603027
3,,,,1e-05,2.0763332843780518
3,,,,1e-05,2.116790771484375
3,,,,1e-05,2.215254068374634
3,,,,1e-05,2.3116884231567383
3,,,,1e-05,2.3724801540374756
3,,,,1e-05,2.4184458255767822
3,,,,1e-05,2.222705125808716
3,,,,1e-05,2.2954955101013184
3,,,,1e-05,2.139761209487915
3,,,,1e-05,2.177584648132324
3,,,,1e-05,2.578275680541992
3,,,,1e-05,2.248290538787842
3,,,,1e-05,1.9660130739212036
3,,,,1e-05,2.189157009124756
3,,,,1e-05,2.4062740802764893
3,,,,1e-05,2.194720983505249
3,,,,1e-05,1.9977561235427856
3,,,,1e-05,1.8853371143341064
3,,,,1e-05,2.3843774795532227
3,,,,1e-05,2.1689000129699707
3,,,,1e-05,2.2626094818115234
3,,,,1e-05,2.0896518230438232
3,,,,1e-05,2.2258455753326416
3,,,,1e-05,1.9353482723236084
3,,,,1e-05,2.080545663833618
3,,,,1e-05,2.3584163188934326
3,,,,1e-05,2.2553176879882812
3,,,,1e-05,2.249842405319214
3,,,,1e-05,2.052513837814331
3,,,,1e-05,1.9842110872268677
3,,,,1e-05,2.2307095527648926
3,,,,1e-05,2.1440858840942383
3,,,,1e-05,2.3779239654541016
3,,,,1e-05,2.172020435333252
3,2.2622731160699274,0.21510989010989012,0.36043956043956044,1e-05,
4,,,,1e-05,2.3926258087158203
4,,,,1e-05,2.260615110397339
4,,,,1e-05,2.0997800827026367
4,,,,1e-05,2.364384889602661
4,,,,1e-05,2.0353095531463623
4,,,,1e-05,2.159738540649414
4,,,,1e-05,2.235862970352173
4,,,,1e-05,2.1699390411376953
4,,,,1e-05,2.3598575592041016
4,,,,1e-05,1.9122692346572876
4,,,,1e-05,2.0344347953796387
4,,,,1e-05,2.09455943107605
4,,,,1e-05,2.1849753856658936
4,,,,1e-05,2.0041089057922363
4,,,,1e-05,2.4870972633361816
4,,,,1e-05,1.8254992961883545
4,,,,1e-05,2.2673957347869873
4,,,,1e-05,2.2102885246276855
4,,,,1e-05,2.140291213989258
4,,,,1e-05,2.24668025970459
4,,,,1e-05,1.953580617904663
4,,,,1e-05,2.1070361137390137
4,,,,1e-05,1.9303480386734009
4,,,,1e-05,2.103245258331299
4,,,,1e-05,2.3452038764953613
4,,,,1e-05,2.467076301574707
4,,,,1e-05,2.277777910232544
4,,,,1e-05,2.1499810218811035
4,,,,1e-05,2.3061437606811523
4,,,,1e-05,2.039825439453125
4,,,,1e-05,2.2188029289245605
4,,,,1e-05,2.4175586700439453
4,,,,1e-05,2.134542465209961
4,,,,1e-05,2.2262094020843506
4,,,,1e-05,2.507279396057129
4,,,,1e-05,2.0764479637145996
4,,,,1e-05,2.305742025375366
4,,,,1e-05,1.882314920425415
4,,,,1e-05,2.2545547485351562
4,,,,1e-05,1.9049161672592163
4,,,,1e-05,2.1207544803619385
4,,,,1e-05,1.8579248189926147
4,,,,1e-05,2.4298179149627686
4,,,,1e-05,2.1145517826080322
4,,,,1e-05,1.9371403455734253
4,,,,1e-05,2.2607126235961914
4,,,,1e-05,2.1143620014190674
4,,,,1e-05,2.297499895095825
4,,,,1e-05,1.861027717590332
4,,,,1e-05,2.333005666732788
4,,,,1e-05,2.198244333267212
4,,,,1e-05,2.4645981788635254
4,,,,1e-05,2.4849743843078613
4,,,,1e-05,2.0216548442840576
4,,,,1e-05,2.1057562828063965
4,,,,1e-05,1.9302678108215332
4,,,,1e-05,2.1390562057495117
4,,,,1e-05,2.2162723541259766
4,,,,1e-05,2.078230381011963
4,,,,1e-05,2.030953884124756
4,,,,1e-05,1.9072964191436768
4,,,,1e-05,2.1050803661346436
4,,,,1e-05,2.2267353534698486
4,,,,1e-05,2.041619062423706
4,,,,1e-05,2.2092580795288086
4,,,,1e-05,1.9577913284301758
4,,,,1e-05,1.9935634136199951
4,,,,1e-05,2.2697625160217285
4,,,,1e-05,2.003068685531616
4,,,,1e-05,2.672706127166748
4,,,,1e-05,2.1209781169891357
4,,,,1e-05,1.9437134265899658
4,,,,1e-05,2.6085500717163086
4,,,,1e-05,2.0014419555664062
4,,,,1e-05,1.9328316450119019
4,,,,1e-05,1.9485034942626953
4,,,,1e-05,2.0269439220428467
4,,,,1e-05,2.3147552013397217
4,,,,1e-05,2.1137406826019287
4,,,,1e-05,2.385404586791992
4,,,,1e-05,2.3630521297454834
4,,,,1e-05,2.3497610092163086
4,,,,1e-05,2.371917486190796
4,,,,1e-05,1.9025276899337769
4,,,,1e-05,1.939113736152649
4,,,,1e-05,2.291766405105591
4,,,,1e-05,2.294234275817871
4,,,,1e-05,2.488771915435791
4,,,,1e-05,1.916356086730957
4,,,,1e-05,2.100038528442383
4,,,,1e-05,2.0034477710723877
4,,,,1e-05,1.842634916305542
4,,,,1e-05,2.405695676803589
4,,,,1e-05,2.059394359588623
4,,,,1e-05,2.292659044265747
4,,,,1e-05,1.9550551176071167
4,,,,1e-05,1.977982997894287
4,,,,1e-05,2.0218820571899414
4,,,,1e-05,2.3452889919281006
4,,,,1e-05,2.23541259765625
4,,,,1e-05,2.077111005783081
4,,,,1e-05,2.2923481464385986
4,,,,1e-05,2.2165894508361816
4,,,,1e-05,2.148812770843506
4,,,,1e-05,2.3245930671691895
4,,,,1e-05,2.077986717224121
4,,,,1e-05,1.8333622217178345
4,,,,1e-05,2.328090190887451
4,,,,1e-05,1.8050731420516968
4,,,,1e-05,2.220834493637085
4,,,,1e-05,2.0701193809509277
4,,,,1e-05,2.2038633823394775
4,,,,1e-05,2.253828287124634
4,,,,1e-05,2.045107126235962
4,2.157276869865886,0.24615384615384617,0.43626373626373627,1e-05,
5,,,,1e-05,1.9939446449279785
5,,,,1e-05,2.312941551208496
5,,,,1e-05,1.9807881116867065
5,,,,1e-05,1.9622924327850342
5,,,,1e-05,2.0793709754943848
5,,,,1e-05,1.9897009134292603
5,,,,1e-05,2.1944150924682617
5,,,,1e-05,2.337705135345459
5,,,,1e-05,2.1381351947784424
5,,,,1e-05,1.8243374824523926
5,,,,1e-05,1.789577603340149
5,,,,1e-05,2.169539213180542
5,,,,1e-05,2.077181339263916
5,,,,1e-05,1.9635260105133057
5,,,,1e-05,2.097404718399048
5,,,,1e-05,1.7436978816986084
5,,,,1e-05,2.0521180629730225
5,,,,1e-05,2.329789638519287
5,,,,1e-05,2.4755263328552246
5,,,,1e-05,2.178576946258545
5,,,,1e-05,2.040088415145874
5,,,,1e-05,2.2287373542785645
5,,,,1e-05,2.5180575847625732
5,,,,1e-05,2.2967896461486816
5,,,,1e-05,2.066377639770508
5,,,,1e-05,2.2008883953094482
5,,,,1e-05,2.24696946144104
5,,,,1e-05,1.9061444997787476
5,,,,1e-05,1.9429692029953003
5,,,,1e-05,1.9221117496490479
5,,,,1e-05,1.863936185836792
5,,,,1e-05,1.8851072788238525
5,,,,1e-05,2.0738744735717773
5,,,,1e-05,1.7167757749557495
5,,,,1e-05,2.130382776260376
5,,,,1e-05,1.9918533563613892
5,,,,1e-05,2.137031078338623
5,,,,1e-05,2.240006923675537
5,,,,1e-05,2.500426769256592
5,,,,1e-05,1.8858914375305176
5,,,,1e-05,2.087686061859131
5,,,,1e-05,2.1378908157348633
5,,,,1e-05,1.7702929973602295
5,,,,1e-05,1.9118316173553467
5,,,,1e-05,1.947810411453247
5,,,,1e-05,1.8835793733596802
5,,,,1e-05,1.9118651151657104
5,,,,1e-05,2.2586138248443604
5,,,,1e-05,2.022522211074829
5,,,,1e-05,1.9085161685943604
5,,,,1e-05,1.826640009880066
5,,,,1e-05,2.2815351486206055
5,,,,1e-05,1.7264760732650757
5,,,,1e-05,2.225083112716675
5,,,,1e-05,1.8216099739074707
5,,,,1e-05,2.229254722595215
5,,,,1e-05,2.267634153366089
5,,,,1e-05,2.2850546836853027
5,,,,1e-05,1.9186766147613525
5,,,,1e-05,1.8449838161468506
5,,,,1e-05,2.1990418434143066
5,,,,1e-05,2.1679322719573975
5,,,,1e-05,1.8286445140838623
5,,,,1e-05,2.168832302093506
5,,,,1e-05,2.0952889919281006
5,,,,1e-05,1.870387077331543
5,,,,1e-05,1.9366716146469116
5,,,,1e-05,2.186204671859741
5,,,,1e-05,2.0450050830841064
5,,,,1e-05,1.9992890357971191
5,,,,1e-05,1.98233962059021
5,,,,1e-05,2.0058882236480713
5,,,,1e-05,1.9327764511108398
5,,,,1e-05,2.266401767730713
5,,,,1e-05,2.2604851722717285
5,,,,1e-05,2.335453987121582
5,,,,1e-05,2.1913485527038574
5,,,,1e-05,2.532582998275757
5,,,,1e-05,1.75709068775177
5,,,,1e-05,2.149505615234375
5,,,,1e-05,2.129448413848877
5,,,,1e-05,2.046860933303833
5,,,,1e-05,1.7023983001708984
5,,,,1e-05,1.7827553749084473
5,,,,1e-05,1.8765836954116821
5,,,,1e-05,2.2442827224731445
5,,,,1e-05,1.8768105506896973
5,,,,1e-05,2.0914671421051025
5,,,,1e-05,2.1060922145843506
5,,,,1e-05,1.9998537302017212
5,,,,1e-05,2.028952121734619
5,,,,1e-05,2.13782000541687
5,,,,1e-05,2.2497565746307373
5,,,,1e-05,1.8579798936843872
5,,,,1e-05,2.1409318447113037
5,,,,1e-05,1.6710644960403442
5,,,,1e-05,2.088517189025879
5,,,,1e-05,1.8335314989089966
5,,,,1e-05,1.8502517938613892
5,,,,1e-05,1.7259056568145752
5,,,,1e-05,2.2477269172668457
5,,,,1e-05,1.808456540107727
5,,,,1e-05,1.8580436706542969
5,,,,1e-05,1.6935890913009644
5,,,,1e-05,1.8750115633010864
5,,,,1e-05,1.9481219053268433
5,,,,1e-05,1.7948006391525269
5,,,,1e-05,2.1070196628570557
5,,,,1e-05,2.166378974914551
5,,,,1e-05,2.174405097961426
5,,,,1e-05,2.075249195098877
5,,,,1e-05,2.0574421882629395
5,,,,1e-05,1.897750735282898
5,,,,1e-05,1.9876837730407715
5,2.042075971762339,0.2865384615384615,0.5,1e-05,
6,,,,1e-05,2.1797878742218018
6,,,,1e-05,2.0888023376464844
6,,,,1e-05,2.1437175273895264
6,,,,1e-05,2.01959228515625
6,,,,1e-05,2.0620954036712646
6,,,,1e-05,2.064760446548462
6,,,,1e-05,1.9845527410507202
6,,,,1e-05,1.882434606552124
6,,,,1e-05,1.9122326374053955
6,,,,1e-05,1.8802860975265503
6,,,,1e-05,1.8476779460906982
6,,,,1e-05,2.2662949562072754
6,,,,1e-05,1.575645089149475
6,,,,1e-05,2.0545101165771484
6,,,,1e-05,1.91599440574646
6,,,,1e-05,1.9283034801483154
6,,,,1e-05,1.8789633512496948
6,,,,1e-05,1.6531723737716675
6,,,,1e-05,1.72594153881073
6,,,,1e-05,1.8423285484313965
6,,,,1e-05,2.1554787158966064
6,,,,1e-05,2.0036721229553223
6,,,,1e-05,2.047677755355835
6,,,,1e-05,2.3018805980682373
6,,,,1e-05,1.9709680080413818
6,,,,1e-05,1.7414114475250244
6,,,,1e-05,2.0852532386779785
6,,,,1e-05,2.145650863647461
6,,,,1e-05,1.8884952068328857
6,,,,1e-05,1.8277510404586792
6,,,,1e-05,2.0266284942626953
6,,,,1e-05,2.077929973602295
6,,,,1e-05,1.5479693412780762
6,,,,1e-05,1.8590105772018433
6,,,,1e-05,2.065946102142334
6,,,,1e-05,1.9827014207839966
6,,,,1e-05,1.9033783674240112
6,,,,1e-05,2.179541826248169
6,,,,1e-05,2.064997911453247
6,,,,1e-05,2.0863184928894043
6,,,,1e-05,2.1093626022338867
6,,,,1e-05,1.857242226600647
6,,,,1e-05,2.1344404220581055
6,,,,1e-05,1.978845477104187
6,,,,1e-05,2.230355978012085
6,,,,1e-05,1.9794728755950928
6,,,,1e-05,1.982200026512146
6,,,,1e-05,1.645484209060669
6,,,,1e-05,1.6024564504623413
6,,,,1e-05,1.9298721551895142
6,,,,1e-05,2.055608034133911
6,,,,1e-05,2.04240345954895
6,,,,1e-05,2.2327160835266113
6,,,,1e-05,1.7980215549468994
6,,,,1e-05,1.8311083316802979
6,,,,1e-05,2.067746877670288
6,,,,1e-05,1.5592046976089478
6,,,,1e-05,2.3055663108825684
6,,,,1e-05,1.907116413116455
6,,,,1e-05,2.2053465843200684
6,,,,1e-05,1.9492274522781372
6,,,,1e-05,1.8550282716751099
6,,,,1e-05,1.9615528583526611
6,,,,1e-05,1.8008551597595215
6,,,,1e-05,1.9118051528930664
6,,,,1e-05,2.0568103790283203
6,,,,1e-05,1.962295651435852
6,,,,1e-05,1.8763470649719238
6,,,,1e-05,2.298400402069092
6,,,,1e-05,1.9569112062454224
6,,,,1e-05,1.9016175270080566
6,,,,1e-05,2.1406919956207275
6,,,,1e-05,1.7574836015701294
6,,,,1e-05,1.9731535911560059
6,,,,1e-05,1.8214209079742432
6,,,,1e-05,1.6927155256271362
6,,,,1e-05,1.8554556369781494
6,,,,1e-05,1.9974455833435059
6,,,,1e-05,2.2286148071289062
6,,,,1e-05,1.8138041496276855
6,,,,1e-05,1.7733004093170166
6,,,,1e-05,1.7157297134399414
6,,,,1e-05,2.074713945388794
6,,,,1e-05,1.9937009811401367
6,,,,1e-05,1.9972121715545654
6,,,,1e-05,1.644874930381775
6,,,,1e-05,1.984764814376831
6,,,,1e-05,1.786185622215271
6,,,,1e-05,2.074948787689209
6,,,,1e-05,1.7735844850540161
6,,,,1e-05,2.043956995010376
6,,,,1e-05,2.1088850498199463
6,,,,1e-05,2.0459935665130615
6,,,,1e-05,1.9551218748092651
6,,,,1e-05,2.1665313243865967
6,,,,1e-05,2.250200033187866
6,,,,1e-05,1.7953698635101318
6,,,,1e-05,2.3129961490631104
6,,,,1e-05,1.748011589050293
6,,,,1e-05,2.0545177459716797
6,,,,1e-05,1.9714882373809814
6,,,,1e-05,1.8563700914382935
6,,,,1e-05,1.7372777462005615
6,,,,1e-05,1.8761115074157715
6,,,,1e-05,1.7313916683197021
6,,,,1e-05,2.1922779083251953
6,,,,1e-05,1.8682711124420166
6,,,,1e-05,1.974644660949707
6,,,,1e-05,1.5199745893478394
6,,,,1e-05,1.5789483785629272
6,,,,1e-05,2.1120765209198
6,,,,1e-05,1.806520938873291
6,,,,1e-05,2.1275734901428223
6,,,,1e-05,1.916430950164795
6,1.9535607089076126,0.3162087912087912,0.5274725274725275,1e-05,
7,,,,1e-05,1.7184189558029175
7,,,,1e-05,1.88698410987854
7,,,,1e-05,2.0294368267059326
7,,,,1e-05,1.8260852098464966
7,,,,1e-05,1.8728326559066772
7,,,,1e-05,2.0795984268188477
7,,,,1e-05,2.2159368991851807
7,,,,1e-05,2.0048646926879883
7,,,,1e-05,1.878839373588562
7,,,,1e-05,1.8277130126953125
7,,,,1e-05,1.994712233543396
7,,,,1e-05,2.0035107135772705
7,,,,1e-05,1.7049347162246704
7,,,,1e-05,2.1855509281158447
7,,,,1e-05,1.649160623550415
7,,,,1e-05,1.4460031986236572
7,,,,1e-05,1.837612509727478
7,,,,1e-05,2.0011534690856934
7,,,,1e-05,1.8401501178741455
7,,,,1e-05,2.0816996097564697
7,,,,1e-05,1.9828276634216309
7,,,,1e-05,2.0443928241729736
7,,,,1e-05,1.5951359272003174
7,,,,1e-05,1.7681056261062622
7,,,,1e-05,1.8029981851577759
7,,,,1e-05,2.027406930923462
7,,,,1e-05,1.8184841871261597
7,,,,1e-05,1.9097704887390137
7,,,,1e-05,2.202195405960083
7,,,,1e-05,1.6131322383880615
7,,,,1e-05,1.946151614189148
7,,,,1e-05,2.049125909805298
7,,,,1e-05,1.6928398609161377
7,,,,1e-05,2.056354522705078
7,,,,1e-05,1.784222960472107
7,,,,1e-05,2.1467771530151367
7,,,,1e-05,1.7716264724731445
7,,,,1e-05,1.821242094039917
7,,,,1e-05,1.7474513053894043
7,,,,1e-05,1.9352669715881348
7,,,,1e-05,2.2107458114624023
7,,,,1e-05,1.9051603078842163
7,,,,1e-05,1.6521331071853638
7,,,,1e-05,1.7409354448318481
7,,,,1e-05,2.117502212524414
7,,,,1e-05,2.051786422729492
7,,,,1e-05,2.0003559589385986
7,,,,1e-05,1.792890191078186
7,,,,1e-05,1.8806692361831665
7,,,,1e-05,2.008413791656494
7,,,,1e-05,1.8733915090560913
7,,,,1e-05,1.7036266326904297
7,,,,1e-05,1.946758508682251
7,,,,1e-05,1.74497652053833
7,,,,1e-05,1.946826457977295
7,,,,1e-05,1.9544278383255005
7,,,,1e-05,1.9827873706817627
7,,,,1e-05,1.803253173828125
7,,,,1e-05,1.7311457395553589
7,,,,1e-05,2.0599544048309326
7,,,,1e-05,1.877243161201477
7,,,,1e-05,1.8549917936325073
7,,,,1e-05,1.8265348672866821
7,,,,1e-05,1.7826077938079834
7,,,,1e-05,2.018460512161255
7,,,,1e-05,1.8650873899459839
7,,,,1e-05,1.4325940608978271
7,,,,1e-05,2.024468183517456
7,,,,1e-05,1.810559630393982
7,,,,1e-05,1.7841496467590332
7,,,,1e-05,2.0619990825653076
7,,,,1e-05,2.2234344482421875
7,,,,1e-05,1.7861117124557495
7,,,,1e-05,1.8608946800231934
7,,,,1e-05,2.1038472652435303
7,,,,1e-05,2.024402379989624
7,,,,1e-05,2.100106716156006
7,,,,1e-05,1.7375690937042236
7,,,,1e-05,2.0591979026794434
7,,,,1e-05,1.840614914894104
7,,,,1e-05,1.6730693578720093
7,,,,1e-05,1.9245648384094238
7,,,,1e-05,1.7958056926727295
7,,,,1e-05,2.074122428894043
7,,,,1e-05,1.8677489757537842
7,,,,1e-05,1.7942298650741577
7,,,,1e-05,1.4443633556365967
7,,,,1e-05,1.7319127321243286
7,,,,1e-05,1.832133412361145
7,,,,1e-05,1.959821105003357
7,,,,1e-05,2.036953926086426
7,,,,1e-05,1.6460949182510376
7,,,,1e-05,1.7624560594558716
7,,,,1e-05,1.5926562547683716
7,,,,1e-05,2.0853559970855713
7,,,,1e-05,1.804107666015625
7,,,,1e-05,1.7468552589416504
7,,,,1e-05,1.9209656715393066
7,,,,1e-05,1.7829617261886597
7,,,,1e-05,2.017125129699707
7,,,,1e-05,1.9459632635116577
7,,,,1e-05,1.9400980472564697
7,,,,1e-05,1.732507348060608
7,,,,1e-05,1.83013916015625
7,,,,1e-05,2.175487995147705
7,,,,1e-05,1.6955722570419312
7,,,,1e-05,1.728593111038208
7,,,,1e-05,2.0972414016723633
7,,,,1e-05,1.678895115852356
7,,,,1e-05,1.7825806140899658
7,,,,1e-05,1.7937451601028442
7,,,,1e-05,1.7246737480163574
7,,,,1e-05,1.6757491827011108
7,,,,1e-05,1.9462426900863647
7,1.8791589119978118,0.33681318681318684,0.5769230769230769,1e-05,
8,,,,1e-05,2.034372568130493
8,,,,1e-05,1.7832162380218506
8,,,,1e-05,1.590064287185669
8,,,,1e-05,1.731484293937683
8,,,,1e-05,2.085031747817993
8,,,,1e-05,1.7276012897491455
8,,,,1e-05,1.78809654712677
8,,,,1e-05,1.7139747142791748
8,,,,1e-05,1.9217575788497925
8,,,,1e-05,1.8420965671539307
8,,,,1e-05,1.84633207321167
8,,,,1e-05,1.8820149898529053
8,,,,1e-05,1.8710837364196777
8,,,,1e-05,1.7640271186828613
8,,,,1e-05,1.9025477170944214
8,,,,1e-05,1.462045431137085
8,,,,1e-05,1.7366703748703003
8,,,,1e-05,1.5072423219680786
8,,,,1e-05,2.2520296573638916
8,,,,1e-05,1.8362115621566772
8,,,,1e-05,1.9833272695541382
8,,,,1e-05,1.5029371976852417
8,,,,1e-05,1.821991205215454
8,,,,1e-05,1.7838178873062134
8,,,,1e-05,1.5725107192993164
8,,,,1e-05,1.7872382402420044
8,,,,1e-05,1.9682939052581787
8,,,,1e-05,1.604635238647461
8,,,,1e-05,1.9056447744369507
8,,,,1e-05,1.790989875793457
8,,,,1e-05,2.08506178855896
8,,,,1e-05,1.8264498710632324
8,,,,1e-05,2.0523290634155273
8,,,,1e-05,1.6949034929275513
8,,,,1e-05,1.7474098205566406
8,,,,1e-05,2.0953094959259033
8,,,,1e-05,1.662185788154602
8,,,,1e-05,1.8968138694763184
8,,,,1e-05,1.574998378753662
8,,,,1e-05,2.178300380706787
8,,,,1e-05,1.861336588859558
8,,,,1e-05,1.6398584842681885
8,,,,1e-05,1.7120150327682495
8,,,,1e-05,1.8604241609573364
8,,,,1e-05,1.8489704132080078
8,,,,1e-05,1.8167071342468262
8,,,,1e-05,2.003484010696411
8,,,,1e-05,2.2011289596557617
8,,,,1e-05,1.9016414880752563
8,,,,1e-05,1.7911943197250366
8,,,,1e-05,2.185218334197998
8,,,,1e-05,1.7574727535247803
8,,,,1e-05,1.7162953615188599
8,,,,1e-05,1.7894783020019531
8,,,,1e-05,1.7159618139266968
8,,,,1e-05,1.4178942441940308
8,,,,1e-05,1.7392672300338745
8,,,,1e-05,1.6892755031585693
8,,,,1e-05,2.080508232116699
8,,,,1e-05,1.5719329118728638
8,,,,1e-05,1.6496208906173706
8,,,,1e-05,2.1873652935028076
8,,,,1e-05,1.827884554862976
8,,,,1e-05,2.071371078491211
8,,,,1e-05,1.7006441354751587
8,,,,1e-05,1.96598482131958
8,,,,1e-05,1.5972046852111816
8,,,,1e-05,1.7741721868515015
8,,,,1e-05,1.9340019226074219
8,,,,1e-05,1.779908299446106
8,,,,1e-05,1.9467977285385132
8,,,,1e-05,1.3719735145568848
8,,,,1e-05,1.7812831401824951
8,,,,1e-05,1.552943468093872
8,,,,1e-05,2.1608948707580566
8,,,,1e-05,1.8196191787719727
8,,,,1e-05,1.886451005935669
8,,,,1e-05,1.9215734004974365
8,,,,1e-05,1.742347240447998
8,,,,1e-05,1.853211522102356
8,,,,1e-05,1.9590873718261719
8,,,,1e-05,2.105731248855591
8,,,,1e-05,1.9944865703582764
8,,,,1e-05,2.004537343978882
8,,,,1e-05,1.7816730737686157
8,,,,1e-05,1.8626604080200195
8,,,,1e-05,1.5353353023529053
8,,,,1e-05,1.822746992111206
8,,,,1e-05,1.8843351602554321
8,,,,1e-05,1.686009407043457
8,,,,1e-05,1.7657047510147095
8,,,,1e-05,1.5323950052261353
8,,,,1e-05,1.6239770650863647
8,,,,1e-05,1.8191076517105103
8,,,,1e-05,1.509798288345337
8,,,,1e-05,1.8350889682769775
8,,,,1e-05,1.9739267826080322
8,,,,1e-05,1.905073881149292
8,,,,1e-05,1.627989649772644
8,,,,1e-05,2.0972225666046143
8,,,,1e-05,1.8156094551086426
8,,,,1e-05,2.1227807998657227
8,,,,1e-05,1.7883450984954834
8,,,,1e-05,1.3117454051971436
8,,,,1e-05,1.8342804908752441
8,,,,1e-05,1.528534173965454
8,,,,1e-05,1.527140498161316
8,,,,1e-05,1.9667917490005493
8,,,,1e-05,2.1450531482696533
8,,,,1e-05,2.0871386528015137
8,,,,1e-05,2.176420211791992
8,,,,1e-05,1.7232308387756348
8,,,,1e-05,1.5470279455184937
8,,,,1e-05,1.4952468872070312
8,1.8160929836724933,0.3730769230769231,0.5978021978021978,1e-05,
9,,,,1e-05,1.4346940517425537
9,,,,1e-05,1.8298370838165283
9,,,,1e-05,1.5608203411102295
9,,,,1e-05,1.5236502885818481
9,,,,1e-05,1.8693811893463135
9,,,,1e-05,1.6113109588623047
9,,,,1e-05,1.548028826713562
9,,,,1e-05,1.6492340564727783
9,,,,1e-05,1.5038477182388306
9,,,,1e-05,1.709228515625
9,,,,1e-05,1.493074655532837
9,,,,1e-05,1.6204900741577148
9,,,,1e-05,1.4991979598999023
9,,,,1e-05,1.4533581733703613
9,,,,1e-05,1.6960816383361816
9,,,,1e-05,1.8070963621139526
9,,,,1e-05,1.7061877250671387
9,,,,1e-05,2.111173152923584
9,,,,1e-05,1.6439522504806519
9,,,,1e-05,1.584501028060913
9,,,,1e-05,1.7760998010635376
9,,,,1e-05,1.6342014074325562
9,,,,1e-05,1.9363890886306763
9,,,,1e-05,1.3509446382522583
9,,,,1e-05,1.6606411933898926
9,,,,1e-05,2.182605266571045
9,,,,1e-05,2.01540207862854
9,,,,1e-05,1.7185691595077515
9,,,,1e-05,1.6965118646621704
9,,,,1e-05,1.6604971885681152
9,,,,1e-05,1.9103204011917114
9,,,,1e-05,1.8180681467056274
9,,,,1e-05,1.9952446222305298
9,,,,1e-05,1.6609638929367065
9,,,,1e-05,1.6466152667999268
9,,,,1e-05,1.6049031019210815
9,,,,1e-05,1.4419859647750854
9,,,,1e-05,1.6191624402999878
9,,,,1e-05,1.7923310995101929
9,,,,1e-05,1.916808009147644
9,,,,1e-05,1.6612995862960815
9,,,,1e-05,1.7732709646224976
9,,,,1e-05,1.8199341297149658
9,,,,1e-05,1.8148884773254395
9,,,,1e-05,1.9720711708068848
9,,,,1e-05,2.0537686347961426
9,,,,1e-05,1.5280424356460571
9,,,,1e-05,1.9172638654708862
9,,,,1e-05,1.978418231010437
9,,,,1e-05,1.921961784362793
9,,,,1e-05,1.5937681198120117
9,,,,1e-05,1.6801939010620117
9,,,,1e-05,1.5889909267425537
9,,,,1e-05,1.535478949546814
9,,,,1e-05,1.4155486822128296
9,,,,1e-05,1.594806432723999
9,,,,1e-05,1.636195421218872
9,,,,1e-05,1.8192856311798096
9,,,,1e-05,1.589837908744812
9,,,,1e-05,1.8973616361618042
9,,,,1e-05,2.1181766986846924
9,,,,1e-05,1.7742799520492554
9,,,,1e-05,1.748247742652893
9,,,,1e-05,1.3958956003189087
9,,,,1e-05,1.8977127075195312
9,,,,1e-05,1.8368327617645264
9,,,,1e-05,1.8742640018463135
9,,,,1e-05,1.7107312679290771
9,,,,1e-05,1.8432940244674683
9,,,,1e-05,2.1323471069335938
9,,,,1e-05,1.8097840547561646
9,,,,1e-05,1.7337487936019897
9,,,,1e-05,1.599673867225647
9,,,,1e-05,1.695116639137268
9,,,,1e-05,1.8434503078460693
9,,,,1e-05,1.653795838356018
9,,,,1e-05,1.8352168798446655
9,,,,1e-05,1.6989953517913818
9,,,,1e-05,1.9263056516647339
9,,,,1e-05,1.7515497207641602
9,,,,1e-05,1.5935274362564087
9,,,,1e-05,1.655246615409851
9,,,,1e-05,1.533814549446106
9,,,,1e-05,1.70378577709198
9,,,,1e-05,1.49342679977417
9,,,,1e-05,1.5762559175491333
9,,,,1e-05,1.8571078777313232
9,,,,1e-05,1.8007707595825195
9,,,,1e-05,1.6139318943023682
9,,,,1e-05,1.4141809940338135
9,,,,1e-05,1.5246526002883911
9,,,,1e-05,1.9039809703826904
9,,,,1e-05,1.6207560300827026
9,,,,1e-05,1.704504370689392
9,,,,1e-05,1.7454255819320679
9,,,,1e-05,1.5819487571716309
9,,,,1e-05,1.5501571893692017
9,,,,1e-05,1.8185045719146729
9,,,,1e-05,1.989210605621338
9,,,,1e-05,1.8778049945831299
9,,,,1e-05,1.572708249092102
9,,,,1e-05,1.81781804561615
9,,,,1e-05,1.5296714305877686
9,,,,1e-05,2.044952154159546
9,,,,1e-05,1.8510104417800903
9,,,,1e-05,1.9086042642593384
9,,,,1e-05,1.8373901844024658
9,,,,1e-05,1.650784969329834
9,,,,1e-05,1.4435149431228638
9,,,,1e-05,1.7829002141952515
9,,,,1e-05,1.7239255905151367
9,,,,1e-05,1.4807063341140747
9,,,,1e-05,1.6704906225204468
9,,,,1e-05,1.895863652229309
9,1.7222329116704171,0.4002747252747253,0.6362637362637362,1e-05,
10,,,,1e-05,1.6193987131118774
10,,,,1e-05,1.836621642112732
10,,,,1e-05,1.616810917854309
10,,,,1e-05,1.7347460985183716
10,,,,1e-05,1.7229605913162231
10,,,,1e-05,2.1266865730285645
10,,,,1e-05,1.8486571311950684
10,,,,1e-05,1.5859018564224243
10,,,,1e-05,1.5893354415893555
10,,,,1e-05,1.586889386177063
10,,,,1e-05,1.9498517513275146
10,,,,1e-05,1.5619041919708252
10,,,,1e-05,1.6346464157104492
10,,,,1e-05,1.4214708805084229
10,,,,1e-05,1.4896695613861084
10,,,,1e-05,1.8583149909973145
10,,,,1e-05,1.6709001064300537
10,,,,1e-05,1.8988924026489258
10,,,,1e-05,1.6374317407608032
10,,,,1e-05,1.6819593906402588
10,,,,1e-05,1.5796607732772827
10,,,,1e-05,1.9552422761917114
10,,,,1e-05,1.7369158267974854
10,,,,1e-05,1.5022460222244263
10,,,,1e-05,1.5607843399047852
10,,,,1e-05,1.7540884017944336
10,,,,1e-05,1.5379889011383057
10,,,,1e-05,1.8398021459579468
10,,,,1e-05,1.6338359117507935
10,,,,1e-05,1.4297447204589844
10,,,,1e-05,1.529218316078186
10,,,,1e-05,1.6363729238510132
10,,,,1e-05,1.5991966724395752
10,,,,1e-05,1.5558539628982544
10,,,,1e-05,1.7281708717346191
10,,,,1e-05,1.6918402910232544
10,,,,1e-05,1.5981392860412598
10,,,,1e-05,1.3324053287506104
10,,,,1e-05,1.7390307188034058
10,,,,1e-05,1.6734035015106201
10,,,,1e-05,1.5671381950378418
10,,,,1e-05,1.6671572923660278
10,,,,1e-05,2.1750130653381348
10,,,,1e-05,1.3887255191802979
10,,,,1e-05,1.426805853843689
10,,,,1e-05,1.9599937200546265
10,,,,1e-05,1.9977988004684448
10,,,,1e-05,1.5857367515563965
10,,,,1e-05,1.718180537223816
10,,,,1e-05,1.814785122871399
10,,,,1e-05,1.84513521194458
10,,,,1e-05,1.8908979892730713
10,,,,1e-05,1.5780514478683472
10,,,,1e-05,1.855789065361023
10,,,,1e-05,1.9626375436782837
10,,,,1e-05,1.9069732427597046
10,,,,1e-05,1.5879544019699097
10,,,,1e-05,1.629035472869873
10,,,,1e-05,1.6353919506072998
10,,,,1e-05,1.6344528198242188
10,,,,1e-05,1.8487907648086548
10,,,,1e-05,1.4380125999450684
10,,,,1e-05,1.574621319770813
10,,,,1e-05,1.5418037176132202
10,,,,1e-05,1.9502143859863281
10,,,,1e-05,1.623777151107788
10,,,,1e-05,1.682283878326416
10,,,,1e-05,1.3281234502792358
10,,,,1e-05,1.5891159772872925
10,,,,1e-05,1.5735293626785278
10,,,,1e-05,1.536279559135437
10,,,,1e-05,1.886647343635559
10,,,,1e-05,1.4669991731643677
10,,,,1e-05,1.7722405195236206
10,,,,1e-05,1.5911011695861816
10,,,,1e-05,1.4496383666992188
10,,,,1e-05,1.822043776512146
10,,,,1e-05,1.5502352714538574
10,,,,1e-05,1.5717414617538452
10,,,,1e-05,1.86857271194458
10,,,,1e-05,1.2060481309890747
10,,,,1e-05,1.6027041673660278
10,,,,1e-05,1.637223720550537
10,,,,1e-05,1.6521985530853271
10,,,,1e-05,1.65585458278656
10,,,,1e-05,1.6752724647521973
10,,,,1e-05,1.4053510427474976
10,,,,1e-05,1.6128110885620117
10,,,,1e-05,1.6795061826705933
10,,,,1e-05,1.422860026359558
10,,,,1e-05,1.5378574132919312
10,,,,1e-05,1.3952651023864746
10,,,,1e-05,1.6458165645599365
10,,,,1e-05,1.5683408975601196
10,,,,1e-05,1.8502964973449707
10,,,,1e-05,1.584694266319275
10,,,,1e-05,1.658666729927063
10,,,,1e-05,1.2506269216537476
10,,,,1e-05,1.7598286867141724
10,,,,1e-05,1.5744179487228394
10,,,,1e-05,1.7993545532226562
10,,,,1e-05,1.5188167095184326
10,,,,1e-05,1.8558505773544312
10,,,,1e-05,1.825931429862976
10,,,,1e-05,1.7930973768234253
10,,,,1e-05,1.5506443977355957
10,,,,1e-05,1.626063585281372
10,,,,1e-05,1.9503145217895508
10,,,,1e-05,1.8993619680404663
10,,,,1e-05,1.7770551443099976
10,,,,1e-05,1.8307414054870605
10,,,,1e-05,1.9995086193084717
10,,,,1e-05,2.374821424484253
10,,,,1e-05,1.598097801208496
10,1.675050153021227,0.4206043956043956,0.6692307692307692,1e-05,
11,,,,1e-05,1.6861035823822021
11,,,,1e-05,1.5748612880706787
11,,,,1e-05,1.504620909690857
11,,,,1e-05,1.7843434810638428
11,,,,1e-05,1.6044611930847168
11,,,,1e-05,1.7637240886688232
11,,,,1e-05,1.7031302452087402
11,,,,1e-05,1.886500597000122
11,,,,1e-05,1.9602147340774536
11,,,,1e-05,1.2799901962280273
11,,,,1e-05,1.5488088130950928
11,,,,1e-05,1.5947328805923462
11,,,,1e-05,1.7986518144607544
11,,,,1e-05,1.7161632776260376
11,,,,1e-05,1.4593756198883057
11,,,,1e-05,1.4760247468948364
11,,,,1e-05,1.6391395330429077
11,,,,1e-05,1.5947387218475342
11,,,,1e-05,1.445025086402893
11,,,,1e-05,1.5146373510360718
11,,,,1e-05,1.3733450174331665
11,,,,1e-05,1.7720626592636108
11,,,,1e-05,1.4394416809082031
11,,,,1e-05,1.4334315061569214
11,,,,1e-05,1.6052041053771973
11,,,,1e-05,1.707856297492981
11,,,,1e-05,1.7122553586959839
11,,,,1e-05,1.6812496185302734
11,,,,1e-05,1.6051318645477295
11,,,,1e-05,1.931469440460205
11,,,,1e-05,1.5409029722213745
11,,,,1e-05,1.9101086854934692
11,,,,1e-05,1.4987750053405762
11,,,,1e-05,1.7578462362289429
11,,,,1e-05,1.8520954847335815
11,,,,1e-05,1.4117884635925293
11,,,,1e-05,1.808138370513916
11,,,,1e-05,1.4268335103988647
11,,,,1e-05,1.3632516860961914
11,,,,1e-05,1.5691372156143188
11,,,,1e-05,1.761151909828186
11,,,,1e-05,1.6534310579299927
11,,,,1e-05,1.710249423980713
11,,,,1e-05,1.9299099445343018
11,,,,1e-05,1.5985186100006104
11,,,,1e-05,1.7239735126495361
11,,,,1e-05,1.5341531038284302
11,,,,1e-05,1.4348177909851074
11,,,,1e-05,1.4864002466201782
11,,,,1e-05,1.6875824928283691
11,,,,1e-05,1.4798340797424316
11,,,,1e-05,1.7088607549667358
11,,,,1e-05,1.6529561281204224
11,,,,1e-05,1.4298762083053589
11,,,,1e-05,1.6772910356521606
11,,,,1e-05,1.6633210182189941
11,,,,1e-05,1.9182902574539185
11,,,,1e-05,1.731969952583313
11,,,,1e-05,1.4976880550384521
11,,,,1e-05,1.4543728828430176
11,,,,1e-05,1.5558208227157593
11,,,,1e-05,1.7057828903198242
11,,,,1e-05,1.5667908191680908
11,,,,1e-05,1.6246246099472046
11,,,,1e-05,1.5520634651184082
11,,,,1e-05,1.4696928262710571
11,,,,1e-05,1.490332841873169
11,,,,1e-05,1.7265896797180176
11,,,,1e-05,1.4652734994888306
11,,,,1e-05,1.433343529701233
11,,,,1e-05,1.4723514318466187
11,,,,1e-05,1.491347074508667
11,,,,1e-05,1.3752013444900513
11,,,,1e-05,1.5313645601272583
11,,,,1e-05,1.7464994192123413
11,,,,1e-05,1.5144308805465698
11,,,,1e-05,1.5452768802642822
11,,,,1e-05,1.5951062440872192
11,,,,1e-05,1.4123671054840088
11,,,,1e-05,1.5827335119247437
11,,,,1e-05,1.9696388244628906
11,,,,1e-05,1.5287644863128662
11,,,,1e-05,1.9536017179489136
11,,,,1e-05,1.333540916442871
11,,,,1e-05,1.704311728477478
11,,,,1e-05,2.0361294746398926
11,,,,1e-05,1.6766918897628784
11,,,,1e-05,1.602277398109436
11,,,,1e-05,1.29169762134552
11,,,,1e-05,1.3648829460144043
11,,,,1e-05,1.9337937831878662
11,,,,1e-05,1.6473584175109863
11,,,,1e-05,1.4447659254074097
11,,,,1e-05,1.4707684516906738
11,,,,1e-05,1.3892873525619507
11,,,,1e-05,1.8089097738265991
11,,,,1e-05,1.9276846647262573
11,,,,1e-05,1.5639148950576782
11,,,,1e-05,1.4238479137420654
11,,,,1e-05,1.4976582527160645
11,,,,1e-05,1.3083007335662842
11,,,,1e-05,1.4729785919189453
11,,,,1e-05,1.8696986436843872
11,,,,1e-05,1.6634299755096436
11,,,,1e-05,1.5820528268814087
11,,,,1e-05,1.4175329208374023
11,,,,1e-05,1.776861548423767
11,,,,1e-05,1.7234033346176147
11,,,,1e-05,1.4587187767028809
11,,,,1e-05,1.7298990488052368
11,,,,1e-05,1.3538302183151245
11,,,,1e-05,1.756356954574585
11,,,,1e-05,1.817077398300171
11,,,,1e-05,1.7116241455078125
11,1.6117412876664547,0.44065934065934065,0.6835164835164835,1e-05,
12,,,,1e-05,1.5808371305465698
12,,,,1e-05,1.817922830581665
12,,,,1e-05,1.6073663234710693
12,,,,1e-05,1.5443328619003296
12,,,,1e-05,1.4868913888931274
12,,,,1e-05,1.5063695907592773
12,,,,1e-05,1.5606634616851807
12,,,,1e-05,1.6382642984390259
12,,,,1e-05,1.741839051246643
12,,,,1e-05,1.5477371215820312
12,,,,1e-05,1.7381032705307007
12,,,,1e-05,1.7001373767852783
12,,,,1e-05,1.6308083534240723
12,,,,1e-05,1.600893259048462
12,,,,1e-05,1.3735359907150269
12,,,,1e-05,1.682189702987671
12,,,,1e-05,1.7356915473937988
12,,,,1e-05,2.0085127353668213
12,,,,1e-05,1.72468101978302
12,,,,1e-05,1.6322638988494873
12,,,,1e-05,1.5715945959091187
12,,,,1e-05,1.3132359981536865
12,,,,1e-05,1.6854021549224854
12,,,,1e-05,1.5242592096328735
12,,,,1e-05,1.5747276544570923
12,,,,1e-05,1.446729063987732
12,,,,1e-05,1.1869471073150635
12,,,,1e-05,1.424628734588623
12,,,,1e-05,1.5850716829299927
12,,,,1e-05,1.3650447130203247
12,,,,1e-05,1.384372591972351
12,,,,1e-05,1.9511678218841553
12,,,,1e-05,1.4428662061691284
12,,,,1e-05,1.5049474239349365
12,,,,1e-05,1.6842485666275024
12,,,,1e-05,1.438746452331543
12,,,,1e-05,0.970597505569458
12,,,,1e-05,1.3501932621002197
12,,,,1e-05,1.8023431301116943
12,,,,1e-05,1.7805607318878174
12,,,,1e-05,1.7786118984222412
12,,,,1e-05,1.6857761144638062
12,,,,1e-05,1.542893886566162
12,,,,1e-05,1.297608733177185
12,,,,1e-05,1.6995785236358643
12,,,,1e-05,1.7515289783477783
12,,,,1e-05,1.6465190649032593
12,,,,1e-05,1.5790107250213623
12,,,,1e-05,1.3811335563659668
12,,,,1e-05,1.4877963066101074
12,,,,1e-05,1.4343714714050293
12,,,,1e-05,1.717490553855896
12,,,,1e-05,1.3953007459640503
12,,,,1e-05,1.6885766983032227
12,,,,1e-05,1.8986159563064575
12,,,,1e-05,1.6678599119186401
12,,,,1e-05,1.5104882717132568
12,,,,1e-05,1.3997256755828857
12,,,,1e-05,1.5962636470794678
12,,,,1e-05,1.7055633068084717
12,,,,1e-05,1.1078567504882812
12,,,,1e-05,1.4615694284439087
12,,,,1e-05,1.3805230855941772
12,,,,1e-05,1.4678928852081299
12,,,,1e-05,1.39872407913208
12,,,,1e-05,1.5486345291137695
12,,,,1e-05,1.5472979545593262
12,,,,1e-05,1.4559471607208252
12,,,,1e-05,1.3180925846099854
12,,,,1e-05,1.4075231552124023
12,,,,1e-05,1.4414103031158447
12,,,,1e-05,1.8755830526351929
12,,,,1e-05,1.5027371644973755
12,,,,1e-05,1.4666919708251953
12,,,,1e-05,1.5962531566619873
12,,,,1e-05,1.4711765050888062
12,,,,1e-05,1.3660931587219238
12,,,,1e-05,1.4840377569198608
12,,,,1e-05,1.7687984704971313
12,,,,1e-05,1.569818139076233
12,,,,1e-05,1.4067487716674805
12,,,,1e-05,1.3434476852416992
12,,,,1e-05,1.4699292182922363
12,,,,1e-05,1.792636513710022
12,,,,1e-05,1.778220295906067
12,,,,1e-05,1.555530309677124
12,,,,1e-05,1.4470854997634888
12,,,,1e-05,1.4177569150924683
12,,,,1e-05,1.5143063068389893
12,,,,1e-05,1.484886646270752
12,,,,1e-05,1.5504307746887207
12,,,,1e-05,1.430336356163025
12,,,,1e-05,1.6296923160552979
12,,,,1e-05,1.3413808345794678
12,,,,1e-05,1.2953144311904907
12,,,,1e-05,1.5857694149017334
12,,,,1e-05,1.1973310708999634
12,,,,1e-05,1.2264704704284668
12,,,,1e-05,1.6037086248397827
12,,,,1e-05,1.4116787910461426
12,,,,1e-05,1.3214001655578613
12,,,,1e-05,1.3923354148864746
12,,,,1e-05,1.72829008102417
12,,,,1e-05,1.7236393690109253
12,,,,1e-05,1.456978440284729
12,,,,1e-05,1.457749843597412
12,,,,1e-05,1.4232313632965088
12,,,,1e-05,1.573487639427185
12,,,,1e-05,1.880666971206665
12,,,,1e-05,1.679519772529602
12,,,,1e-05,1.4680873155593872
12,,,,1e-05,1.6574023962020874
12,,,,1e-05,1.4809209108352661
12,,,,1e-05,1.7720232009887695
12,1.5425131164099042,0.4766483516483517,0.7032967032967034,1e-05,
13,,,,1e-05,1.9326876401901245
13,,,,1e-05,1.6094623804092407
13,,,,1e-05,1.797274112701416
13,,,,1e-05,1.6763319969177246
13,,,,1e-05,1.425915002822876
13,,,,1e-05,1.5138293504714966
13,,,,1e-05,1.267197847366333
13,,,,1e-05,1.457092046737671
13,,,,1e-05,1.478310465812683
13,,,,1e-05,1.4023383855819702
13,,,,1e-05,1.3070459365844727
13,,,,1e-05,1.8258030414581299
13,,,,1e-05,1.3367514610290527
13,,,,1e-05,1.3723101615905762
13,,,,1e-05,1.4914171695709229
13,,,,1e-05,1.1756072044372559
13,,,,1e-05,1.2673298120498657
13,,,,1e-05,1.390952706336975
13,,,,1e-05,1.5705939531326294
13,,,,1e-05,1.8176668882369995
13,,,,1e-05,1.6163139343261719
13,,,,1e-05,1.4167495965957642
13,,,,1e-05,1.38943350315094
13,,,,1e-05,1.2781493663787842
13,,,,1e-05,1.5928535461425781
13,,,,1e-05,1.5907717943191528
13,,,,1e-05,1.176409125328064
13,,,,1e-05,1.3823235034942627
13,,,,1e-05,1.5332295894622803
13,,,,1e-05,1.4422117471694946
13,,,,1e-05,1.751543641090393
13,,,,1e-05,1.6123878955841064
13,,,,1e-05,1.3827792406082153
13,,,,1e-05,1.367372751235962
13,,,,1e-05,1.554912805557251
13,,,,1e-05,1.6243551969528198
13,,,,1e-05,1.13485586643219
13,,,,1e-05,1.52375328540802
13,,,,1e-05,1.5706685781478882
13,,,,1e-05,1.4666719436645508
13,,,,1e-05,1.4442405700683594
13,,,,1e-05,1.5825629234313965
13,,,,1e-05,1.5412343740463257
13,,,,1e-05,1.5075350999832153
13,,,,1e-05,1.6277549266815186
13,,,,1e-05,1.597630262374878
13,,,,1e-05,1.721827745437622
13,,,,1e-05,1.5100843906402588
13,,,,1e-05,1.5326297283172607
13,,,,1e-05,1.5945841073989868
13,,,,1e-05,1.698361873626709
13,,,,1e-05,1.5830775499343872
13,,,,1e-05,1.6461204290390015
13,,,,1e-05,1.4160146713256836
13,,,,1e-05,1.5469095706939697
13,,,,1e-05,1.450290560722351
13,,,,1e-05,1.7529741525650024
13,,,,1e-05,1.8468034267425537
13,,,,1e-05,1.403998613357544
13,,,,1e-05,1.5053589344024658
13,,,,1e-05,1.196321964263916
13,,,,1e-05,1.5134761333465576
13,,,,1e-05,1.4056684970855713
13,,,,1e-05,1.5787652730941772
13,,,,1e-05,1.6248509883880615
13,,,,1e-05,1.5002756118774414
13,,,,1e-05,1.4819071292877197
13,,,,1e-05,1.6224634647369385
13,,,,1e-05,1.385140061378479
13,,,,1e-05,1.5922993421554565
13,,,,1e-05,1.52567720413208
13,,,,1e-05,1.36143958568573
13,,,,1e-05,1.5586432218551636
13,,,,1e-05,1.3398423194885254
13,,,,1e-05,1.2181907892227173
13,,,,1e-05,1.585401177406311
13,,,,1e-05,1.3844904899597168
13,,,,1e-05,1.5143241882324219
13,,,,1e-05,1.3656963109970093
13,,,,1e-05,1.9393784999847412
13,,,,1e-05,1.4186315536499023
13,,,,1e-05,1.398347020149231
13,,,,1e-05,1.7306602001190186
13,,,,1e-05,1.2950489521026611
13,,,,1e-05,1.1812021732330322
13,,,,1e-05,1.457746148109436
13,,,,1e-05,1.3413084745407104
13,,,,1e-05,1.590609073638916
13,,,,1e-05,1.5844584703445435
13,,,,1e-05,1.507936954498291
13,,,,1e-05,1.6876204013824463
13,,,,1e-05,1.6024912595748901
13,,,,1e-05,1.3981672525405884
13,,,,1e-05,1.3216896057128906
13,,,,1e-05,1.3874038457870483
13,,,,1e-05,1.3450424671173096
13,,,,1e-05,1.5138623714447021
13,,,,1e-05,1.06051766872406
13,,,,1e-05,1.6570614576339722
13,,,,1e-05,1.7277768850326538
13,,,,1e-05,1.3939056396484375
13,,,,1e-05,1.5102282762527466
13,,,,1e-05,1.4788113832473755
13,,,,1e-05,1.8504596948623657
13,,,,1e-05,1.5273358821868896
13,,,,1e-05,1.8370764255523682
13,,,,1e-05,1.1605509519577026
13,,,,1e-05,1.609332799911499
13,,,,1e-05,1.4096367359161377
13,,,,1e-05,1.4314566850662231
13,,,,1e-05,1.4336645603179932
13,,,,1e-05,1.5556529760360718
13,,,,1e-05,1.349807858467102
13,,,,1e-05,1.5675944089889526
13,1.5004474311544185,0.49313186813186816,0.7186813186813187,1e-05,
14,,,,1e-05,1.6072264909744263
14,,,,1e-05,1.2993717193603516
14,,,,1e-05,1.432946801185608
14,,,,1e-05,1.2686094045639038
14,,,,1e-05,1.6196589469909668
14,,,,1e-05,1.4005948305130005
14,,,,1e-05,1.3477590084075928
14,,,,1e-05,1.4500646591186523
14,,,,1e-05,1.6336820125579834
14,,,,1e-05,1.3300940990447998
14,,,,1e-05,1.867688775062561
14,,,,1e-05,1.2130247354507446
14,,,,1e-05,1.2789063453674316
14,,,,1e-05,1.492623209953308
14,,,,1e-05,1.6994317770004272
14,,,,1e-05,1.6274855136871338
14,,,,1e-05,1.2118679285049438
14,,,,1e-05,1.3749573230743408
14,,,,1e-05,1.201215386390686
14,,,,1e-05,1.0298795700073242
14,,,,1e-05,1.4403464794158936
14,,,,1e-05,1.3071473836898804
14,,,,1e-05,1.6052970886230469
14,,,,1e-05,1.7829985618591309
14,,,,1e-05,1.4568462371826172
14,,,,1e-05,1.4238630533218384
14,,,,1e-05,1.2776745557785034
14,,,,1e-05,1.2603775262832642
14,,,,1e-05,1.5090099573135376
14,,,,1e-05,1.4507544040679932
14,,,,1e-05,1.318951964378357
14,,,,1e-05,1.7804186344146729
14,,,,1e-05,1.5619879961013794
14,,,,1e-05,1.6388970613479614
14,,,,1e-05,1.323649525642395
14,,,,1e-05,1.4941421747207642
14,,,,1e-05,1.3774492740631104
14,,,,1e-05,1.3758717775344849
14,,,,1e-05,1.3554909229278564
14,,,,1e-05,1.1948853731155396
14,,,,1e-05,1.5833176374435425
14,,,,1e-05,1.6412856578826904
14,,,,1e-05,1.6176464557647705
14,,,,1e-05,1.2952014207839966
14,,,,1e-05,1.290286898612976
14,,,,1e-05,1.3388886451721191
14,,,,1e-05,1.4875361919403076
14,,,,1e-05,1.2089478969573975
14,,,,1e-05,1.2079055309295654
14,,,,1e-05,1.5138049125671387
14,,,,1e-05,1.605684757232666
14,,,,1e-05,1.612091064453125
14,,,,1e-05,1.7343826293945312
14,,,,1e-05,1.2621990442276
14,,,,1e-05,1.4037100076675415
14,,,,1e-05,1.594373106956482
14,,,,1e-05,1.3736928701400757
14,,,,1e-05,1.4645968675613403
14,,,,1e-05,1.3431589603424072
14,,,,1e-05,1.4383821487426758
14,,,,1e-05,1.4908101558685303
14,,,,1e-05,1.5016995668411255
14,,,,1e-05,1.469662070274353
14,,,,1e-05,1.2988697290420532
14,,,,1e-05,1.471930742263794
14,,,,1e-05,1.3362860679626465
14,,,,1e-05,1.2563141584396362
14,,,,1e-05,1.5957711935043335
14,,,,1e-05,1.4020376205444336
14,,,,1e-05,1.6597474813461304
14,,,,1e-05,1.2146110534667969
14,,,,1e-05,1.4634712934494019
14,,,,1e-05,1.435729742050171
14,,,,1e-05,1.5390820503234863
14,,,,1e-05,1.6417444944381714
14,,,,1e-05,1.3160004615783691
14,,,,1e-05,1.6731879711151123
14,,,,1e-05,1.2704463005065918
14,,,,1e-05,1.5334038734436035
14,,,,1e-05,1.6834635734558105
14,,,,1e-05,1.12856924533844
14,,,,1e-05,1.4453332424163818
14,,,,1e-05,1.2928005456924438
14,,,,1e-05,1.6809895038604736
14,,,,1e-05,1.5474286079406738
14,,,,1e-05,1.3420954942703247
14,,,,1e-05,1.431642770767212
14,,,,1e-05,1.6174086332321167
14,,,,1e-05,1.183832049369812
14,,,,1e-05,1.4762382507324219
14,,,,1e-05,1.4995195865631104
14,,,,1e-05,1.5986164808273315
14,,,,1e-05,1.7181309461593628
14,,,,1e-05,1.2010509967803955
14,,,,1e-05,1.7338703870773315
14,,,,1e-05,1.2166078090667725
14,,,,1e-05,1.1014397144317627
14,,,,1e-05,1.2529670000076294
14,,,,1e-05,1.7259857654571533
14,,,,1e-05,1.4129242897033691
14,,,,1e-05,1.4279868602752686
14,,,,1e-05,1.356709599494934
14,,,,1e-05,1.5665963888168335
14,,,,1e-05,1.5143873691558838
14,,,,1e-05,1.715748906135559
14,,,,1e-05,1.3143731355667114
14,,,,1e-05,1.1744104623794556
14,,,,1e-05,1.6334519386291504
14,,,,1e-05,1.7851788997650146
14,,,,1e-05,1.6383030414581299
14,,,,1e-05,1.5319510698318481
14,,,,1e-05,1.233315348625183
14,,,,1e-05,1.5896596908569336
14,,,,1e-05,1.3480898141860962
14,1.4476502161276967,0.506043956043956,0.7373626373626374,1e-05,
15,,,,1e-05,1.3772310018539429
15,,,,1e-05,1.6789336204528809
15,,,,1e-05,1.2822952270507812
15,,,,1e-05,1.230588674545288
15,,,,1e-05,1.4708549976348877
15,,,,1e-05,1.4953030347824097
15,,,,1e-05,1.3137506246566772
15,,,,1e-05,1.601294994354248
15,,,,1e-05,1.5376524925231934
15,,,,1e-05,1.7155386209487915
15,,,,1e-05,1.3366177082061768
15,,,,1e-05,1.5740020275115967
15,,,,1e-05,1.3873770236968994
15,,,,1e-05,1.2816897630691528
15,,,,1e-05,1.4631673097610474
15,,,,1e-05,1.261694073677063
15,,,,1e-05,1.421159267425537
15,,,,1e-05,1.5634127855300903
15,,,,1e-05,1.2174696922302246
15,,,,1e-05,1.4633742570877075
15,,,,1e-05,1.332554578781128
15,,,,1e-05,1.2521837949752808
15,,,,1e-05,1.5719349384307861
15,,,,1e-05,1.5196212530136108
15,,,,1e-05,1.4562864303588867
15,,,,1e-05,1.4697496891021729
15,,,,1e-05,1.4647691249847412
15,,,,1e-05,1.4100898504257202
15,,,,1e-05,1.6484863758087158
15,,,,1e-05,1.6777337789535522
15,,,,1e-05,1.3760725259780884
15,,,,1e-05,1.3380762338638306
15,,,,1e-05,1.3403958082199097
15,,,,1e-05,1.3479313850402832
15,,,,1e-05,1.330788254737854
15,,,,1e-05,1.5580686330795288
15,,,,1e-05,0.9577900171279907
15,,,,1e-05,1.2737594842910767
15,,,,1e-05,1.3836703300476074
15,,,,1e-05,1.2351889610290527
15,,,,1e-05,1.3158738613128662
15,,,,1e-05,1.5274200439453125
15,,,,1e-05,1.3890981674194336
15,,,,1e-05,1.4842976331710815
15,,,,1e-05,1.4763963222503662
15,,,,1e-05,1.2817907333374023
15,,,,1e-05,1.5280907154083252
15,,,,1e-05,1.2990676164627075
15,,,,1e-05,1.3686615228652954
15,,,,1e-05,1.4618844985961914
15,,,,1e-05,1.6050776243209839
15,,,,1e-05,1.3007972240447998
15,,,,1e-05,1.4007303714752197
15,,,,1e-05,1.3276002407073975
15,,,,1e-05,1.5626888275146484
15,,,,1e-05,1.2846689224243164
15,,,,1e-05,1.3759562969207764
15,,,,1e-05,1.0412788391113281
15,,,,1e-05,1.4887515306472778
15,,,,1e-05,1.5631591081619263
15,,,,1e-05,1.1554853916168213
15,,,,1e-05,1.3915246725082397
15,,,,1e-05,1.292207956314087
15,,,,1e-05,1.1786041259765625
15,,,,1e-05,1.4649395942687988
15,,,,1e-05,1.3782694339752197
15,,,,1e-05,1.4777185916900635
15,,,,1e-05,1.4210541248321533
15,,,,1e-05,1.4375526905059814
15,,,,1e-05,1.2642745971679688
15,,,,1e-05,1.6207389831542969
15,,,,1e-05,1.2520010471343994
15,,,,1e-05,1.4770885705947876
15,,,,1e-05,1.1996893882751465
15,,,,1e-05,1.5585823059082031
15,,,,1e-05,1.4823843240737915
15,,,,1e-05,1.3046767711639404
15,,,,1e-05,1.3861395120620728
15,,,,1e-05,1.5426760911941528
15,,,,1e-05,1.485393762588501
15,,,,1e-05,1.549027442932129
15,,,,1e-05,1.4371638298034668
15,,,,1e-05,1.272500991821289
15,,,,1e-05,1.5338501930236816
15,,,,1e-05,1.403396725654602
15,,,,1e-05,1.2150814533233643
15,,,,1e-05,1.4020870923995972
15,,,,1e-05,1.3803045749664307
15,,,,1e-05,1.338414192199707
15,,,,1e-05,1.1055397987365723
15,,,,1e-05,1.3077353239059448
15,,,,1e-05,1.0653921365737915
15,,,,1e-05,1.3292200565338135
15,,,,1e-05,1.3752907514572144
15,,,,1e-05,1.444052815437317
15,,,,1e-05,1.3836537599563599
15,,,,1e-05,1.299640417098999
15,,,,1e-05,1.3776872158050537
15,,,,1e-05,1.3562934398651123
15,,,,1e-05,1.2901973724365234
15,,,,1e-05,1.7324997186660767
15,,,,1e-05,1.5582972764968872
15,,,,1e-05,1.2761471271514893
15,,,,1e-05,1.8388583660125732
15,,,,1e-05,1.44929039478302
15,,,,1e-05,1.4147422313690186
15,,,,1e-05,1.3178462982177734
15,,,,1e-05,1.302532434463501
15,,,,1e-05,1.3695112466812134
15,,,,1e-05,1.3034495115280151
15,,,,1e-05,1.2725591659545898
15,,,,1e-05,1.4090118408203125
15,,,,1e-05,1.33706796169281
15,,,,1e-05,1.1467303037643433
15,1.3953326679112619,0.5244505494505495,0.7483516483516484,1e-05,
16,,,,1e-05,1.1874815225601196
16,,,,1e-05,1.3040605783462524
16,,,,1e-05,1.208808422088623
16,,,,1e-05,1.0411700010299683
16,,,,1e-05,1.4407883882522583
16,,,,1e-05,1.2122586965560913
16,,,,1e-05,1.1850632429122925
16,,,,1e-05,1.8017714023590088
16,,,,1e-05,1.28962242603302
16,,,,1e-05,1.1656358242034912
16,,,,1e-05,1.5185518264770508
16,,,,1e-05,1.5323302745819092
16,,,,1e-05,1.337559700012207
16,,,,1e-05,1.4133838415145874
16,,,,1e-05,1.402321457862854
16,,,,1e-05,1.2317571640014648
16,,,,1e-05,1.4820119142532349
16,,,,1e-05,1.143537998199463
16,,,,1e-05,1.5163984298706055
16,,,,1e-05,1.2814055681228638
16,,,,1e-05,1.1565136909484863
16,,,,1e-05,1.3439525365829468
16,,,,1e-05,1.259003758430481
16,,,,1e-05,1.394243597984314
16,,,,1e-05,1.398229956626892
16,,,,1e-05,1.0527406930923462
16,,,,1e-05,1.2642722129821777
16,,,,1e-05,1.3221627473831177
16,,,,1e-05,1.3160912990570068
16,,,,1e-05,1.2307465076446533
16,,,,1e-05,1.4353445768356323
16,,,,1e-05,1.5362461805343628
16,,,,1e-05,1.370847225189209
16,,,,1e-05,1.2373026609420776
16,,,,1e-05,1.6212714910507202
16,,,,1e-05,1.0599843263626099
16,,,,1e-05,1.285359501838684
16,,,,1e-05,1.2553871870040894
16,,,,1e-05,1.255538821220398
16,,,,1e-05,1.4518810510635376
16,,,,1e-05,1.1782485246658325
16,,,,1e-05,1.2599278688430786
16,,,,1e-05,1.266849398612976
16,,,,1e-05,1.5697838068008423
16,,,,1e-05,1.3262689113616943
16,,,,1e-05,1.5512102842330933
16,,,,1e-05,1.6165369749069214
16,,,,1e-05,1.266477108001709
16,,,,1e-05,1.459389328956604
16,,,,1e-05,1.5621907711029053
16,,,,1e-05,1.582795262336731
16,,,,1e-05,1.3782317638397217
16,,,,1e-05,1.408151388168335
16,,,,1e-05,1.2778643369674683
16,,,,1e-05,1.302248477935791
16,,,,1e-05,1.1504684686660767
16,,,,1e-05,1.4799076318740845
16,,,,1e-05,1.3082114458084106
16,,,,1e-05,1.1422388553619385
16,,,,1e-05,1.222570538520813
16,,,,1e-05,1.4513744115829468
16,,,,1e-05,1.3882330656051636
16,,,,1e-05,1.5409035682678223
16,,,,1e-05,1.291690707206726
16,,,,1e-05,1.558274745941162
16,,,,1e-05,1.5222972631454468
16,,,,1e-05,1.2519468069076538
16,,,,1e-05,1.3043301105499268
16,,,,1e-05,0.9594454765319824
16,,,,1e-05,1.435640811920166
16,,,,1e-05,1.3673431873321533
16,,,,1e-05,1.4297596216201782
16,,,,1e-05,1.3426569700241089
16,,,,1e-05,1.3647911548614502
16,,,,1e-05,1.253920316696167
16,,,,1e-05,1.2803858518600464
16,,,,1e-05,1.4060132503509521
16,,,,1e-05,1.4377888441085815
16,,,,1e-05,1.4368497133255005
16,,,,1e-05,1.4286816120147705
16,,,,1e-05,1.4992964267730713
16,,,,1e-05,1.5514777898788452
16,,,,1e-05,1.274325966835022
16,,,,1e-05,1.335310459136963
16,,,,1e-05,1.385891079902649
16,,,,1e-05,1.3490488529205322
16,,,,1e-05,1.3677061796188354
16,,,,1e-05,1.2300282716751099
16,,,,1e-05,1.3000885248184204
16,,,,1e-05,1.1858645677566528
16,,,,1e-05,1.5046626329421997
16,,,,1e-05,1.3191604614257812
16,,,,1e-05,1.7431989908218384
16,,,,1e-05,1.4520211219787598
16,,,,1e-05,1.2522090673446655
16,,,,1e-05,1.3555083274841309
16,,,,1e-05,1.3792036771774292
16,,,,1e-05,1.142134189605713
16,,,,1e-05,1.3317785263061523
16,,,,1e-05,1.3997387886047363
16,,,,1e-05,1.1869597434997559
16,,,,1e-05,1.1329096555709839
16,,,,1e-05,1.336111307144165
16,,,,1e-05,1.4479868412017822
16,,,,1e-05,1.3818289041519165
16,,,,1e-05,1.1986479759216309
16,,,,1e-05,1.3436644077301025
16,,,,1e-05,1.2684437036514282
16,,,,1e-05,1.2690829038619995
16,,,,1e-05,1.3175294399261475
16,,,,1e-05,1.3074918985366821
16,,,,1e-05,1.1941035985946655
16,,,,1e-05,1.4885214567184448
16,,,,1e-05,1.5249834060668945
16,1.3461566358281856,0.5467032967032966,0.778021978021978,1e-05,
17,,,,1e-05,1.2188102006912231
17,,,,1e-05,1.3327475786209106
17,,,,1e-05,1.579219937324524
17,,,,1e-05,1.3099244832992554
17,,,,1e-05,1.6319571733474731
17,,,,1e-05,1.423333764076233
17,,,,1e-05,1.1106714010238647
17,,,,1e-05,1.3682974576950073
17,,,,1e-05,1.4508627653121948
17,,,,1e-05,1.6228092908859253
17,,,,1e-05,1.5151283740997314
17,,,,1e-05,1.1222869157791138
17,,,,1e-05,1.2757620811462402
17,,,,1e-05,1.1898002624511719
17,,,,1e-05,1.3386578559875488
17,,,,1e-05,1.4587881565093994
17,,,,1e-05,1.1938087940216064
17,,,,1e-05,1.245988368988037
17,,,,1e-05,1.083817481994629
17,,,,1e-05,1.5012446641921997
17,,,,1e-05,1.2300539016723633
17,,,,1e-05,1.3502732515335083
17,,,,1e-05,1.1281335353851318
17,,,,1e-05,1.2232168912887573
17,,,,1e-05,1.3592697381973267
17,,,,1e-05,1.219174861907959
17,,,,1e-05,1.5609996318817139
17,,,,1e-05,1.258338212966919
17,,,,1e-05,1.2786643505096436
17,,,,1e-05,1.2287864685058594
17,,,,1e-05,1.2813266515731812
17,,,,1e-05,1.3726325035095215
17,,,,1e-05,1.4005640745162964
17,,,,1e-05,1.6554150581359863
17,,,,1e-05,1.2245556116104126
17,,,,1e-05,1.496458888053894
17,,,,1e-05,1.4227317571640015
17,,,,1e-05,1.2310020923614502
17,,,,1e-05,1.3727402687072754
17,,,,1e-05,1.5499117374420166
17,,,,1e-05,1.4157756567001343
17,,,,1e-05,1.2609347105026245
17,,,,1e-05,1.3269387483596802
17,,,,1e-05,1.6136282682418823
17,,,,1e-05,1.4561444520950317
17,,,,1e-05,1.3056161403656006
17,,,,1e-05,1.3324639797210693
17,,,,1e-05,1.4442963600158691
17,,,,1e-05,1.4776642322540283
17,,,,1e-05,1.1922941207885742
17,,,,1e-05,1.336910605430603
17,,,,1e-05,1.306149959564209
17,,,,1e-05,1.2216838598251343
17,,,,1e-05,1.4607189893722534
17,,,,1e-05,1.1752581596374512
17,,,,1e-05,1.281144618988037
17,,,,1e-05,1.4648470878601074
17,,,,1e-05,1.1099133491516113
17,,,,1e-05,1.255903720855713
17,,,,1e-05,1.1468031406402588
17,,,,1e-05,1.258879542350769
17,,,,1e-05,1.1304407119750977
17,,,,1e-05,1.309578776359558
17,,,,1e-05,1.4301540851593018
17,,,,1e-05,0.7839540839195251
17,,,,1e-05,1.3216443061828613
17,,,,1e-05,1.6090017557144165
17,,,,1e-05,1.3220090866088867
17,,,,1e-05,1.2297022342681885
17,,,,1e-05,1.4165438413619995
17,,,,1e-05,1.3573763370513916
17,,,,1e-05,1.4834914207458496
17,,,,1e-05,1.8244291543960571
17,,,,1e-05,1.3294851779937744
17,,,,1e-05,1.3792611360549927
17,,,,1e-05,1.2803598642349243
17,,,,1e-05,1.3329708576202393
17,,,,1e-05,1.1027511358261108
17,,,,1e-05,1.2337257862091064
17,,,,1e-05,1.1929702758789062
17,,,,1e-05,1.26561439037323
17,,,,1e-05,1.21990168094635
17,,,,1e-05,1.5324407815933228
17,,,,1e-05,1.3649967908859253
17,,,,1e-05,1.406314492225647
17,,,,1e-05,1.5695728063583374
17,,,,1e-05,1.3557909727096558
17,,,,1e-05,1.3738486766815186
17,,,,1e-05,1.1581302881240845
17,,,,1e-05,1.1715483665466309
17,,,,1e-05,1.2222943305969238
17,,,,1e-05,1.4533056020736694
17,,,,1e-05,1.1924573183059692
17,,,,1e-05,1.3545730113983154
17,,,,1e-05,0.9674798250198364
17,,,,1e-05,1.4852656126022339
17,,,,1e-05,1.2252893447875977
17,,,,1e-05,1.5130729675292969
17,,,,1e-05,1.2002480030059814
17,,,,1e-05,1.2329529523849487
17,,,,1e-05,1.6955879926681519
17,,,,1e-05,1.2478878498077393
17,,,,1e-05,1.5948686599731445
17,,,,1e-05,1.2367802858352661
17,,,,1e-05,1.1415644884109497
17,,,,1e-05,1.0219391584396362
17,,,,1e-05,1.6275041103363037
17,,,,1e-05,1.337133765220642
17,,,,1e-05,1.2782542705535889
17,,,,1e-05,1.5203793048858643
17,,,,1e-05,1.4396007061004639
17,,,,1e-05,1.2285062074661255
17,,,,1e-05,1.2910585403442383
17,,,,1e-05,1.323771595954895
17,1.3331747489017354,0.5521978021978022,0.7736263736263737,1e-05,
18,,,,1e-05,1.360397458076477
18,,,,1e-05,1.408636212348938
18,,,,1e-05,1.280491828918457
18,,,,1e-05,1.3462013006210327
18,,,,1e-05,1.257421851158142
18,,,,1e-05,1.2577844858169556
18,,,,1e-05,1.3031073808670044
18,,,,1e-05,1.2960175275802612
18,,,,1e-05,1.2515993118286133
18,,,,1e-05,1.36341392993927
18,,,,1e-05,1.4765056371688843
18,,,,1e-05,1.1373889446258545
18,,,,1e-05,1.1500321626663208
18,,,,1e-05,1.1434274911880493
18,,,,1e-05,1.1124335527420044
18,,,,1e-05,1.425290584564209
18,,,,1e-05,1.1939700841903687
18,,,,1e-05,1.2933865785598755
18,,,,1e-05,1.2372676134109497
18,,,,1e-05,1.3402007818222046
18,,,,1e-05,1.333673357963562
18,,,,1e-05,1.5415370464324951
18,,,,1e-05,1.119585633277893
18,,,,1e-05,1.5365456342697144
18,,,,1e-05,1.394006371498108
18,,,,1e-05,1.1567500829696655
18,,,,1e-05,1.471672773361206
18,,,,1e-05,1.146084189414978
18,,,,1e-05,1.1677606105804443
18,,,,1e-05,1.147947907447815
18,,,,1e-05,1.4366670846939087
18,,,,1e-05,1.1628663539886475
18,,,,1e-05,1.243823528289795
18,,,,1e-05,1.2859259843826294
18,,,,1e-05,1.1821480989456177
18,,,,1e-05,1.59967839717865
18,,,,1e-05,1.4009753465652466
18,,,,1e-05,1.1426198482513428
18,,,,1e-05,1.158504605293274
18,,,,1e-05,1.060347318649292
18,,,,1e-05,1.5283503532409668
18,,,,1e-05,0.9771981835365295
18,,,,1e-05,1.1991848945617676
18,,,,1e-05,1.146281361579895
18,,,,1e-05,1.328175663948059
18,,,,1e-05,1.5864489078521729
18,,,,1e-05,1.1807855367660522
18,,,,1e-05,1.22040855884552
18,,,,1e-05,1.3078672885894775
18,,,,1e-05,1.2561662197113037
18,,,,1e-05,1.3745075464248657
18,,,,1e-05,1.3391731977462769
18,,,,1e-05,1.6000421047210693
18,,,,1e-05,1.6162010431289673
18,,,,1e-05,1.0160572528839111
18,,,,1e-05,1.3645716905593872
18,,,,1e-05,1.3187309503555298
18,,,,1e-05,1.5682439804077148
18,,,,1e-05,1.1720070838928223
18,,,,1e-05,1.301766276359558
18,,,,1e-05,1.026432752609253
18,,,,1e-05,1.128737211227417
18,,,,1e-05,1.3351985216140747
18,,,,1e-05,1.3085463047027588
18,,,,1e-05,1.5231901407241821
18,,,,1e-05,1.435793161392212
18,,,,1e-05,1.3145511150360107
18,,,,1e-05,1.1846526861190796
18,,,,1e-05,1.0947468280792236
18,,,,1e-05,1.3529767990112305
18,,,,1e-05,1.0806357860565186
18,,,,1e-05,1.476352334022522
18,,,,1e-05,1.269041895866394
18,,,,1e-05,1.436957597732544
18,,,,1e-05,1.554603099822998
18,,,,1e-05,1.3251113891601562
18,,,,1e-05,1.2520588636398315
18,,,,1e-05,1.3494558334350586
18,,,,1e-05,0.8744807839393616
18,,,,1e-05,1.4082586765289307
18,,,,1e-05,1.217149019241333
18,,,,1e-05,1.2752149105072021
18,,,,1e-05,1.2468162775039673
18,,,,1e-05,1.4595199823379517
18,,,,1e-05,0.9735912680625916
18,,,,1e-05,1.251279592514038
18,,,,1e-05,1.378063440322876
18,,,,1e-05,1.0564430952072144
18,,,,1e-05,0.9424542188644409
18,,,,1e-05,1.300328016281128
18,,,,1e-05,1.4195228815078735
18,,,,1e-05,1.4670833349227905
18,,,,1e-05,1.3711776733398438
18,,,,1e-05,1.137848973274231
18,,,,1e-05,1.3889904022216797
18,,,,1e-05,1.1096866130828857
18,,,,1e-05,1.1628024578094482
18,,,,1e-05,1.2707256078720093
18,,,,1e-05,1.4645262956619263
18,,,,1e-05,1.2010666131973267
18,,,,1e-05,1.4554911851882935
18,,,,1e-05,1.1339308023452759
18,,,,1e-05,1.143438458442688
18,,,,1e-05,1.5815213918685913
18,,,,1e-05,1.4028480052947998
18,,,,1e-05,1.031410813331604
18,,,,1e-05,1.3946115970611572
18,,,,1e-05,1.5124342441558838
18,,,,1e-05,1.4124213457107544
18,,,,1e-05,1.2568005323410034
18,,,,1e-05,1.027197241783142
18,,,,1e-05,1.2240073680877686
18,,,,1e-05,1.1796027421951294
18,,,,1e-05,2.052062749862671
18,1.2926325782349235,0.5714285714285714,0.8,1e-05,
19,,,,1e-05,1.0693106651306152
19,,,,1e-05,1.1857026815414429
19,,,,1e-05,1.1682199239730835
19,,,,1e-05,1.2216180562973022
19,,,,1e-05,1.2940571308135986
19,,,,1e-05,1.1854325532913208
19,,,,1e-05,1.5153017044067383
19,,,,1e-05,1.520664930343628
19,,,,1e-05,1.4893462657928467
19,,,,1e-05,1.328909158706665
19,,,,1e-05,1.315712332725525
19,,,,1e-05,1.081215739250183
19,,,,1e-05,1.3242743015289307
19,,,,1e-05,1.3870861530303955
19,,,,1e-05,1.1638730764389038
19,,,,1e-05,1.3209526538848877
19,,,,1e-05,1.3067705631256104
19,,,,1e-05,1.3372669219970703
19,,,,1e-05,1.1662203073501587
19,,,,1e-05,1.0562481880187988
19,,,,1e-05,1.328055739402771
19,,,,1e-05,0.9984177350997925
19,,,,1e-05,1.3164877891540527
19,,,,1e-05,1.2454900741577148
19,,,,1e-05,1.3778949975967407
19,,,,1e-05,1.3816843032836914
19,,,,1e-05,1.3844046592712402
19,,,,1e-05,1.3091529607772827
19,,,,1e-05,1.359622597694397
19,,,,1e-05,1.2028573751449585
19,,,,1e-05,1.2993016242980957
19,,,,1e-05,1.1236902475357056
19,,,,1e-05,1.3451881408691406
19,,,,1e-05,1.3421071767807007
19,,,,1e-05,1.0020309686660767
19,,,,1e-05,1.233026385307312
19,,,,1e-05,1.0545942783355713
19,,,,1e-05,1.5415948629379272
19,,,,1e-05,1.1648943424224854
19,,,,1e-05,1.3092628717422485
19,,,,1e-05,1.3424333333969116
19,,,,1e-05,1.0244706869125366
19,,,,1e-05,1.58094322681427
19,,,,1e-05,1.2566686868667603
19,,,,1e-05,1.2228853702545166
19,,,,1e-05,1.069235920906067
19,,,,1e-05,1.1871482133865356
19,,,,1e-05,1.2790247201919556
19,,,,1e-05,1.2024673223495483
19,,,,1e-05,1.2904999256134033
19,,,,1e-05,1.0211334228515625
19,,,,1e-05,1.3301502466201782
19,,,,1e-05,1.3622671365737915
19,,,,1e-05,1.2045173645019531
19,,,,1e-05,1.1404436826705933
19,,,,1e-05,1.1288971900939941
19,,,,1e-05,1.2277323007583618
19,,,,1e-05,1.6156619787216187
19,,,,1e-05,1.1267858743667603
19,,,,1e-05,1.0385383367538452
19,,,,1e-05,1.3956698179244995
19,,,,1e-05,1.1661944389343262
19,,,,1e-05,1.1855648756027222
19,,,,1e-05,1.0612167119979858
19,,,,1e-05,1.0572614669799805
19,,,,1e-05,1.5415196418762207
19,,,,1e-05,1.1859334707260132
19,,,,1e-05,1.1168392896652222
19,,,,1e-05,1.3099509477615356
19,,,,1e-05,1.3674449920654297
19,,,,1e-05,1.3446818590164185
19,,,,1e-05,0.9114945530891418
19,,,,1e-05,0.9867420196533203
19,,,,1e-05,1.415686845779419
19,,,,1e-05,1.2059001922607422
19,,,,1e-05,1.0248746871948242
19,,,,1e-05,0.9777114391326904
19,,,,1e-05,1.2463351488113403
19,,,,1e-05,1.2074272632598877
19,,,,1e-05,1.0753164291381836
19,,,,1e-05,1.1385128498077393
19,,,,1e-05,1.154858112335205
19,,,,1e-05,1.1624457836151123
19,,,,1e-05,1.4512226581573486
19,,,,1e-05,1.2004148960113525
19,,,,1e-05,1.2741671800613403
19,,,,1e-05,1.1028552055358887
19,,,,1e-05,1.310038685798645
19,,,,1e-05,1.5007808208465576
19,,,,1e-05,1.1373764276504517
19,,,,1e-05,1.0784658193588257
19,,,,1e-05,1.1240562200546265
19,,,,1e-05,1.286769151687622
19,,,,1e-05,1.3737306594848633
19,,,,1e-05,1.2941585779190063
19,,,,1e-05,1.3655744791030884
19,,,,1e-05,1.223926067352295
19,,,,1e-05,0.9405205249786377
19,,,,1e-05,1.459894061088562
19,,,,1e-05,1.477434515953064
19,,,,1e-05,1.1689094305038452
19,,,,1e-05,1.2021030187606812
19,,,,1e-05,1.066211462020874
19,,,,1e-05,1.4862337112426758
19,,,,1e-05,1.2699320316314697
19,,,,1e-05,1.4770842790603638
19,,,,1e-05,1.1226387023925781
19,,,,1e-05,1.5498266220092773
19,,,,1e-05,1.1098902225494385
19,,,,1e-05,1.5481139421463013
19,,,,1e-05,1.5067403316497803
19,,,,1e-05,1.468384027481079
19,,,,1e-05,1.2656687498092651
19,,,,1e-05,1.3906067609786987
19,1.2533610478827828,0.5835164835164836,0.7945054945054945,1e-05,
20,,,,1e-05,1.281325340270996
20,,,,1e-05,1.156949520111084
20,,,,1e-05,1.410435438156128
20,,,,1e-05,1.095444679260254
20,,,,1e-05,1.1960140466690063
20,,,,1e-05,1.5124130249023438
20,,,,1e-05,1.1137603521347046
20,,,,1e-05,1.2947396039962769
20,,,,1e-05,1.1753158569335938
20,,,,1e-05,1.3680163621902466
20,,,,1e-05,1.1509511470794678
20,,,,1e-05,1.2540227174758911
20,,,,1e-05,1.282178521156311
20,,,,1e-05,1.2044782638549805
20,,,,1e-05,1.1103715896606445
20,,,,1e-05,1.1646859645843506
20,,,,1e-05,1.4581985473632812
20,,,,1e-05,1.138619303703308
20,,,,1e-05,1.0715031623840332
20,,,,1e-05,1.111208438873291
20,,,,1e-05,1.2761820554733276
20,,,,1e-05,1.2182352542877197
20,,,,1e-05,1.3763066530227661
20,,,,1e-05,1.2211592197418213
20,,,,1e-05,1.2287877798080444
20,,,,1e-05,1.118833303451538
20,,,,1e-05,1.2548439502716064
20,,,,1e-05,1.0715852975845337
20,,,,1e-05,1.4234516620635986
20,,,,1e-05,1.2922240495681763
20,,,,1e-05,1.1747608184814453
20,,,,1e-05,1.1649130582809448
20,,,,1e-05,1.2647576332092285
20,,,,1e-05,1.1046507358551025
20,,,,1e-05,1.35859215259552
20,,,,1e-05,1.124046802520752
20,,,,1e-05,1.4947870969772339
20,,,,1e-05,1.4202476739883423
20,,,,1e-05,1.2364836931228638
20,,,,1e-05,1.027716875076294
20,,,,1e-05,1.3643182516098022
20,,,,1e-05,0.9507579803466797
20,,,,1e-05,1.332168698310852
20,,,,1e-05,1.2388865947723389
20,,,,1e-05,1.2030843496322632
20,,,,1e-05,1.1802537441253662
20,,,,1e-05,1.4687271118164062
20,,,,1e-05,1.435631513595581
20,,,,1e-05,1.2678663730621338
20,,,,1e-05,1.2909573316574097
20,,,,1e-05,1.0369818210601807
20,,,,1e-05,1.084059715270996
20,,,,1e-05,1.2282530069351196
20,,,,1e-05,1.6365290880203247
20,,,,1e-05,1.1606245040893555
20,,,,1e-05,1.2153825759887695
20,,,,1e-05,0.9780526757240295
20,,,,1e-05,1.151585578918457
20,,,,1e-05,1.2679648399353027
20,,,,1e-05,1.1646584272384644
20,,,,1e-05,1.3518868684768677
20,,,,1e-05,1.5902923345565796
20,,,,1e-05,1.1217331886291504
20,,,,1e-05,1.1857331991195679
20,,,,1e-05,1.1294679641723633
20,,,,1e-05,0.8905531167984009
20,,,,1e-05,1.2702114582061768
20,,,,1e-05,1.5829061269760132
20,,,,1e-05,1.1808525323867798
20,,,,1e-05,1.132978081703186
20,,,,1e-05,1.3600376844406128
20,,,,1e-05,1.4036340713500977
20,,,,1e-05,0.9681316018104553
20,,,,1e-05,1.2598309516906738
20,,,,1e-05,1.1713500022888184
20,,,,1e-05,1.2172362804412842
20,,,,1e-05,1.1113574504852295
20,,,,1e-05,1.3681433200836182
20,,,,1e-05,1.2048463821411133
20,,,,1e-05,1.269879937171936
20,,,,1e-05,1.0060465335845947
20,,,,1e-05,1.1084023714065552
20,,,,1e-05,1.2352094650268555
20,,,,1e-05,1.0664445161819458
20,,,,1e-05,1.255719780921936
20,,,,1e-05,1.3251368999481201
20,,,,1e-05,1.0507259368896484
20,,,,1e-05,1.1273024082183838
20,,,,1e-05,1.1951065063476562
20,,,,1e-05,1.0996432304382324
20,,,,1e-05,1.521731972694397
20,,,,1e-05,1.355908751487732
20,,,,1e-05,1.1616594791412354
20,,,,1e-05,1.3437939882278442
20,,,,1e-05,1.0452107191085815
20,,,,1e-05,0.9938148260116577
20,,,,1e-05,0.9903855323791504
20,,,,1e-05,1.2938753366470337
20,,,,1e-05,1.4349164962768555
20,,,,1e-05,1.0404618978500366
20,,,,1e-05,1.1484339237213135
20,,,,1e-05,1.2547593116760254
20,,,,1e-05,1.1730185747146606
20,,,,1e-05,0.9797837138175964
20,,,,1e-05,0.8029984831809998
20,,,,1e-05,1.2756707668304443
20,,,,1e-05,1.225480556488037
20,,,,1e-05,1.0079275369644165
20,,,,1e-05,1.0440032482147217
20,,,,1e-05,1.3706175088882446
20,,,,1e-05,1.2089216709136963
20,,,,1e-05,1.1469522714614868
20,,,,1e-05,1.2233068943023682
20,,,,1e-05,1.5711097717285156
20,1.2185568882707964,0.6071428571428571,0.8153846153846154,1e-05,
